rank,wave,action,priority_score,url_type,title,category_slug,category_name,slug,last_modified,sitemap_priority,url,reason
1,wave_1,request_now,149,calculator,Kredi Taksit Hesaplama,finansal-hesaplamalar,Finans,kredi-taksit-hesaplama,2026-04-01T00:00:00.000Z,0.80,https://www.hesapmod.com/finansal-hesaplamalar/kredi-taksit-hesaplama,sitemap:0.80; calculator-landing; category-boost:16; slug-boost:24; guide-support:9; homepage-featured
2,wave_1,request_now,148,calculator,Maaş Hesaplama (Brüt - Net),maas-ve-vergi,Maaş & Vergi,maas-hesaplama,2026-04-01T00:00:00.000Z,0.80,https://www.hesapmod.com/maas-ve-vergi/maas-hesaplama,sitemap:0.80; calculator-landing; category-boost:15; slug-boost:24; guide-support:9; homepage-featured
3,wave_1,request_now,143,calculator,KDV Hesaplama (Dahil ve Hariç),finansal-hesaplamalar,Finans,kdv-hesaplama,2026-04-01T00:00:00.000Z,0.80,https://www.hesapmod.com/finansal-hesaplamalar/kdv-hesaplama,sitemap:0.80; calculator-landing; category-boost:16; slug-boost:18; guide-support:9; homepage-featured
4,wave_1,request_now,139,calculator,İhtiyaç Kredisi Hesaplama,finansal-hesaplamalar,Finans,ihtiyac-kredisi-hesaplama,2026-04-01T00:00:00.000Z,0.80,https://www.hesapmod.com/finansal-hesaplamalar/ihtiyac-kredisi-hesaplama,sitemap:0.80; calculator-landing; category-boost:16; slug-boost:22; guide-support:9
5,wave_1,request_now,138,calculator,Konut Kredisi Hesaplama,finansal-hesaplamalar,Finans,konut-kredisi-hesaplama,2026-04-01T00:00:00.000Z,0.80,https://www.hesapmod.com/finansal-hesaplamalar/konut-kredisi-hesaplama,sitemap:0.80; calculator-landing; category-boost:16; slug-boost:21; guide-support:9
6,wave_1,request_now,137,calculator,Mevduat Faiz Hesaplama,finansal-hesaplamalar,Finans,mevduat-faiz-hesaplama,2026-04-01T00:00:00.000Z,0.80,https://www.hesapmod.com/finansal-hesaplamalar/mevduat-faiz-hesaplama,sitemap:0.80; calculator-landing; category-boost:16; slug-boost:20; guide-support:9
7,wave_1,request_now,136,calculator,Altın Hesaplama,finansal-hesaplamalar,Finans,altin-hesaplama,2026-05-01T09:00:00.000Z,0.80,https://www.hesapmod.com/finansal-hesaplamalar/altin-hesaplama,sitemap:0.80; calculator-landing; category-boost:16; slug-boost:15; guide-support:9
8,wave_1,request_now,135,home,Ana Sayfa,,,,2026-05-02T09:00:00.000Z,1.00,https://www.hesapmod.com,sitemap:1.00; site-entry-point
9,wave_1,request_now,135,calculator,Enflasyon Hesaplama Aracı,finansal-hesaplamalar,Finans,enflasyon-hesaplama,2026-04-01T00:00:00.000Z,0.80,https://www.hesapmod.com/finansal-hesaplamalar/enflasyon-hesaplama,sitemap:0.80; calculator-landing; category-boost:16; slug-boost:18; guide-support:9
10,wave_1,request_now,135,calculator,Kira Artış Hesaplama,finansal-hesaplamalar,Finans,kira-artis-hesaplama,2026-04-01T00:00:00.000Z,0.80,https://www.hesapmod.com/finansal-hesaplamalar/kira-artis-hesaplama,sitemap:0.80; calculator-landing; category-boost:16; slug-boost:18; guide-support:9
11,wave_1,request_now,133,calculator,Kıdem Tazminatı Hesaplama,maas-ve-vergi,Maaş & Vergi,kidem-tazminati-hesaplama,2026-03-15T00:00:00.000Z,0.80,https://www.hesapmod.com/maas-ve-vergi/kidem-tazminati-hesaplama,sitemap:0.80; calculator-landing; category-boost:15; slug-boost:17; guide-support:9
12,wave_1,request_now,133,calculator,Gelir Vergisi Hesaplama,maas-ve-vergi,Maaş & Vergi,gelir-vergisi-hesaplama,2026-03-14T00:00:00.000Z,0.80,https://www.hesapmod.com/maas-ve-vergi/gelir-vergisi-hesaplama,sitemap:0.80; calculator-landing; category-boost:15; slug-boost:17; guide-support:9
13,wave_1,request_now,132,calculator,Döviz Hesaplama / Çevirici,finansal-hesaplamalar,Finans,doviz-hesaplama,2026-04-01T09:00:00.000Z,0.80,https://www.hesapmod.com/finansal-hesaplamalar/doviz-hesaplama,sitemap:0.80; calculator-landing; category-boost:16; slug-boost:15; guide-support:9
14,wave_1,request_now,132,calculator,"YKS Puan Hesaplama (TYT, AYT, YDT)",sinav-hesaplamalari,Sınav,yks-puan-hesaplama,2026-04-01T00:00:00.000Z,0.80,https://www.hesapmod.com/sinav-hesaplamalari/yks-puan-hesaplama,sitemap:0.80; calculator-landing; category-boost:12; slug-boost:14; guide-support:6; homepage-featured
15,wave_1,request_now,131,calculator,Eurobond Getiri ve Vergi Hesaplama,finansal-hesaplamalar,Finans,eurobond-hesaplama,2026-03-28T00:00:00.000Z,0.80,https://www.hesapmod.com/finansal-hesaplamalar/eurobond-hesaplama,sitemap:0.80; calculator-landing; category-boost:16; slug-boost:14; guide-support:9
16,wave_1,request_now,131,calculator,İhbar Tazminatı Hesaplama,maas-ve-vergi,Maaş & Vergi,ihbar-tazminati-hesaplama,2026-03-15T00:00:00.000Z,0.80,https://www.hesapmod.com/maas-ve-vergi/ihbar-tazminati-hesaplama,sitemap:0.80; calculator-landing; category-boost:15; slug-boost:15; guide-support:9
17,wave_1,request_now,131,calculator,K.Kartı Gecikme Faizi,finansal-hesaplamalar,Finans,kredi-karti-gecikme-faizi-hesaplama,2026-03-14T00:00:00.000Z,0.80,https://www.hesapmod.com/finansal-hesaplamalar/kredi-karti-gecikme-faizi-hesaplama,sitemap:0.80; calculator-landing; category-boost:16; slug-boost:14; guide-support:9
18,wave_1,request_now,131,calculator,Yıllık Maliyet Oranı (APR),finansal-hesaplamalar,Finans,kredi-yillik-maliyet-orani-hesaplama,2026-03-14T00:00:00.000Z,0.80,https://www.hesapmod.com/finansal-hesaplamalar/kredi-yillik-maliyet-orani-hesaplama,sitemap:0.80; calculator-landing; category-boost:16; slug-boost:14; guide-support:9
19,wave_1,request_now,130,calculator,Kredi Erken Kapama Hesaplama,finansal-hesaplamalar,Finans,kredi-erken-kapama-hesaplama,2026-03-14T00:00:00.000Z,0.80,https://www.hesapmod.com/finansal-hesaplamalar/kredi-erken-kapama-hesaplama,sitemap:0.80; calculator-landing; category-boost:16; slug-boost:13; guide-support:9
20,wave_1,request_now,126,calculator,KPSS Puan Hesaplama,sinav-hesaplamalari,Sınav,kpss-puan-hesaplama,2026-05-01T00:00:00.000Z,0.80,https://www.hesapmod.com/sinav-hesaplamalari/kpss-puan-hesaplama,sitemap:0.80; calculator-landing; category-boost:12; slug-boost:12; guide-support:6
21,wave_2,request_in_48h,125,calculator,Vücut Kitle İndeksi (VKİ),yasam-hesaplama,Yaşam,vucut-kitle-indeksi-hesaplama,2026-03-15T00:00:00.000Z,0.80,https://www.hesapmod.com/yasam-hesaplama/vucut-kitle-indeksi-hesaplama,sitemap:0.80; calculator-landing; category-boost:10; slug-boost:12; guide-support:3; homepage-featured
22,wave_2,request_in_48h,122,calculator,Yakıt Tüketim & Maliyet Hesaplama,tasit-ve-vergi,Taşıt & Vergi,yakit-tuketim-maliyet,2026-04-11T00:00:00.000Z,0.80,https://www.hesapmod.com/tasit-ve-vergi/yakit-tuketim-maliyet,sitemap:0.80; calculator-landing; category-boost:13; slug-boost:12; guide-support:3
23,wave_2,request_in_48h,122,calculator,TYT Puan Hesaplama 2026,sinav-hesaplamalari,Sınav,tyt-puan-hesaplama,2026-03-14T00:00:00.000Z,0.80,https://www.hesapmod.com/sinav-hesaplamalari/tyt-puan-hesaplama,sitemap:0.80; calculator-landing; category-boost:12; slug-boost:12; guide-support:6
24,wave_2,request_in_48h,121,calculator,Bono Hesaplama,finansal-hesaplamalar,Finans,bono-hesaplama,2026-05-01T09:00:00.000Z,0.80,https://www.hesapmod.com/finansal-hesaplamalar/bono-hesaplama,sitemap:0.80; calculator-landing; category-boost:16; guide-support:9
25,wave_2,request_in_48h,121,calculator,Reel Getiri Hesaplama,finansal-hesaplamalar,Finans,reel-getiri-hesaplama,2026-05-01T09:00:00.000Z,0.80,https://www.hesapmod.com/finansal-hesaplamalar/reel-getiri-hesaplama,sitemap:0.80; calculator-landing; category-boost:16; guide-support:9
26,wave_2,request_in_48h,121,calculator,Sermaye ve Temettü Hesaplama,finansal-hesaplamalar,Finans,sermaye-ve-temettu-hesaplama,2026-05-01T09:00:00.000Z,0.80,https://www.hesapmod.com/finansal-hesaplamalar/sermaye-ve-temettu-hesaplama,sitemap:0.80; calculator-landing; category-boost:16; guide-support:9
27,wave_2,request_in_48h,121,calculator,Tahvil Hesaplama,finansal-hesaplamalar,Finans,tahvil-hesaplama,2026-05-01T09:00:00.000Z,0.80,https://www.hesapmod.com/finansal-hesaplamalar/tahvil-hesaplama,sitemap:0.80; calculator-landing; category-boost:16; guide-support:9
28,wave_2,request_in_48h,121,calculator,ETF Getiri Hesaplama,finansal-hesaplamalar,Finans,etf-getiri-hesaplama,2026-05-01T00:00:00.000Z,0.80,https://www.hesapmod.com/finansal-hesaplamalar/etf-getiri-hesaplama,sitemap:0.80; calculator-landing; category-boost:16; guide-support:9
29,wave_2,request_in_48h,121,calculator,Finansal Özgürlük Hesaplama,finansal-hesaplamalar,Finans,finansal-ozgurluk-hesaplama,2026-05-01T00:00:00.000Z,0.80,https://www.hesapmod.com/finansal-hesaplamalar/finansal-ozgurluk-hesaplama,sitemap:0.80; calculator-landing; category-boost:16; guide-support:9
30,wave_2,request_in_48h,121,calculator,Kripto Kar Zarar Hesaplama,finansal-hesaplamalar,Finans,kripto-kar-zarar-hesaplama,2026-05-01T00:00:00.000Z,0.80,https://www.hesapmod.com/finansal-hesaplamalar/kripto-kar-zarar-hesaplama,sitemap:0.80; calculator-landing; category-boost:16; guide-support:9
31,wave_2,request_in_48h,121,calculator,Pasif Gelir Hesaplama,finansal-hesaplamalar,Finans,pasif-gelir-hesaplama,2026-05-01T00:00:00.000Z,0.80,https://www.hesapmod.com/finansal-hesaplamalar/pasif-gelir-hesaplama,sitemap:0.80; calculator-landing; category-boost:16; guide-support:9
32,wave_2,request_in_48h,121,calculator,Portföy Dağılımı Hesaplama,finansal-hesaplamalar,Finans,portfoy-dagilimi-hesaplama,2026-05-01T00:00:00.000Z,0.80,https://www.hesapmod.com/finansal-hesaplamalar/portfoy-dagilimi-hesaplama,sitemap:0.80; calculator-landing; category-boost:16; guide-support:9
33,wave_2,request_in_48h,121,calculator,LGS Puan Hesaplama ve Yüzdelik Dilim,sinav-hesaplamalari,Sınav,lgs-puan-hesaplama,2026-03-28T00:00:00.000Z,0.80,https://www.hesapmod.com/sinav-hesaplamalari/lgs-puan-hesaplama,sitemap:0.80; calculator-landing; category-boost:12; slug-boost:11; guide-support:6
34,wave_2,request_in_48h,121,calculator,MTV Hesaplama,tasit-ve-vergi,Taşıt & Vergi,mtv-hesaplama,2026-03-15T00:00:00.000Z,0.80,https://www.hesapmod.com/tasit-ve-vergi/mtv-hesaplama,sitemap:0.80; calculator-landing; category-boost:13; slug-boost:13; guide-support:3
35,wave_2,request_in_48h,121,calculator,ÖTV Hesaplama,tasit-ve-vergi,Taşıt & Vergi,otv-hesaplama,2026-03-15T00:00:00.000Z,0.80,https://www.hesapmod.com/tasit-ve-vergi/otv-hesaplama,sitemap:0.80; calculator-landing; category-boost:13; slug-boost:13; guide-support:3
36,wave_2,request_in_48h,120,calculator,Emeklilik Maaşı Tahmini Hesaplama,maas-ve-vergi,Maaş & Vergi,emeklilik-maasi-tahmini-hesaplama,2026-05-01T00:00:00.000Z,0.80,https://www.hesapmod.com/maas-ve-vergi/emeklilik-maasi-tahmini-hesaplama,sitemap:0.80; calculator-landing; category-boost:15; guide-support:9
37,wave_2,request_in_48h,120,calculator,Emlak Vergisi Hesaplama,maas-ve-vergi,Maaş & Vergi,emlak-vergisi-hesaplama,2026-05-01T00:00:00.000Z,0.80,https://www.hesapmod.com/maas-ve-vergi/emlak-vergisi-hesaplama,sitemap:0.80; calculator-landing; category-boost:15; guide-support:9
38,wave_2,request_in_48h,120,calculator,Fazla Mesai Hesaplama,maas-ve-vergi,Maaş & Vergi,fazla-mesai-hesaplama,2026-05-01T00:00:00.000Z,0.80,https://www.hesapmod.com/maas-ve-vergi/fazla-mesai-hesaplama,sitemap:0.80; calculator-landing; category-boost:15; guide-support:9
39,wave_2,request_in_48h,120,calculator,Günlük Ücret Hesaplama,maas-ve-vergi,Maaş & Vergi,gunluk-ucret-hesaplama,2026-05-01T00:00:00.000Z,0.80,https://www.hesapmod.com/maas-ve-vergi/gunluk-ucret-hesaplama,sitemap:0.80; calculator-landing; category-boost:15; guide-support:9
40,wave_2,request_in_48h,120,calculator,KDV Tevkifatı Hesaplama,maas-ve-vergi,Maaş & Vergi,kdv-tevkifati-hesaplama,2026-05-01T00:00:00.000Z,0.80,https://www.hesapmod.com/maas-ve-vergi/kdv-tevkifati-hesaplama,sitemap:0.80; calculator-landing; category-boost:15; guide-support:9
41,wave_2,request_in_48h,120,calculator,Saatlik Ücret Hesaplama,maas-ve-vergi,Maaş & Vergi,saatlik-ucret-hesaplama,2026-05-01T00:00:00.000Z,0.80,https://www.hesapmod.com/maas-ve-vergi/saatlik-ucret-hesaplama,sitemap:0.80; calculator-landing; category-boost:15; guide-support:9
42,wave_2,request_in_48h,119,calculator,Kâr/Zarar & Marj Hesaplama,finansal-hesaplamalar,Finans,kar-zarar-marji,2026-04-11T00:00:00.000Z,0.80,https://www.hesapmod.com/finansal-hesaplamalar/kar-zarar-marji,sitemap:0.80; calculator-landing; category-boost:16; guide-support:9
43,wave_2,request_in_48h,118,calculator,Ek Ders Ücreti Hesaplama,maas-ve-vergi,Maaş & Vergi,ek-ders-ucreti-hesaplama,2026-04-27T00:00:00.000Z,0.80,https://www.hesapmod.com/maas-ve-vergi/ek-ders-ucreti-hesaplama,sitemap:0.80; calculator-landing; category-boost:15; guide-support:9
44,wave_2,request_in_48h,117,calculator,Bileşik Faiz ve Yatırım Getirisi Hesaplama,finansal-hesaplamalar,Finans,bilesik-faiz-hesaplama,2026-03-28T00:00:00.000Z,0.80,https://www.hesapmod.com/finansal-hesaplamalar/bilesik-faiz-hesaplama,sitemap:0.80; calculator-landing; category-boost:16; guide-support:9
45,wave_2,request_in_48h,117,calculator,Ticari Araç Kredisi Hesaplama (Şirket & Esnaf),finansal-hesaplamalar,Finans,ticari-arac-kredisi-hesaplama,2026-03-28T00:00:00.000Z,0.80,https://www.hesapmod.com/finansal-hesaplamalar/ticari-arac-kredisi-hesaplama,sitemap:0.80; calculator-landing; category-boost:16; guide-support:9
46,wave_2,request_in_48h,117,calculator,Birikim Hesaplama,finansal-hesaplamalar,Finans,birikim-hesaplama,2026-03-23T09:00:00.000Z,0.80,https://www.hesapmod.com/finansal-hesaplamalar/birikim-hesaplama,sitemap:0.80; calculator-landing; category-boost:16; guide-support:9
47,wave_2,request_in_48h,117,calculator,Kredi Kartı Asgari Ödeme Hesaplama,finansal-hesaplamalar,Finans,kredi-karti-asgari-odeme,2026-03-19T09:00:00.000Z,0.80,https://www.hesapmod.com/finansal-hesaplamalar/kredi-karti-asgari-odeme,sitemap:0.80; calculator-landing; category-boost:16; guide-support:9
48,wave_2,request_in_48h,117,calculator,Bileşik Büyüme Hesaplama (CAGR / YBBO),finansal-hesaplamalar,Finans,bilesik-buyume-hesaplama,2026-03-18T00:00:00.000Z,0.80,https://www.hesapmod.com/finansal-hesaplamalar/bilesik-buyume-hesaplama,sitemap:0.80; calculator-landing; category-boost:16; guide-support:9
49,wave_2,request_in_48h,117,calculator,Taşıt / Araç Kredisi Hesaplama (0 KM & 2. El),finansal-hesaplamalar,Finans,tasit-kredisi-hesaplama,2026-03-18T00:00:00.000Z,0.80,https://www.hesapmod.com/finansal-hesaplamalar/tasit-kredisi-hesaplama,sitemap:0.80; calculator-landing; category-boost:16; guide-support:9
50,wave_2,request_in_48h,117,calculator,Eurobond Getiri Hesaplama (Temel),finansal-hesaplamalar,Finans,eurobond-getiri-hesaplama,2026-03-15T00:00:00.000Z,0.80,https://www.hesapmod.com/finansal-hesaplamalar/eurobond-getiri-hesaplama,sitemap:0.80; calculator-landing; category-boost:16; guide-support:9
51,wave_3,request_in_week_1,117,calculator,Taksitli Nakit Avans,finansal-hesaplamalar,Finans,kredi-karti-taksitli-nakit-avans-hesaplama,2026-03-15T00:00:00.000Z,0.80,https://www.hesapmod.com/finansal-hesaplamalar/kredi-karti-taksitli-nakit-avans-hesaplama,sitemap:0.80; calculator-landing; category-boost:16; guide-support:9
52,wave_3,request_in_week_1,117,calculator,Basit Faiz Hesaplama,finansal-hesaplamalar,Finans,basit-faiz-hesaplama,2026-03-14T00:00:00.000Z,0.80,https://www.hesapmod.com/finansal-hesaplamalar/basit-faiz-hesaplama,sitemap:0.80; calculator-landing; category-boost:16; guide-support:9
53,wave_3,request_in_week_1,117,calculator,Borç Kapatma Planlayıcı,finansal-hesaplamalar,Finans,borc-kapatma-planlayici-hesaplama,2026-03-14T00:00:00.000Z,0.80,https://www.hesapmod.com/finansal-hesaplamalar/borc-kapatma-planlayici-hesaplama,sitemap:0.80; calculator-landing; category-boost:16; guide-support:9
54,wave_3,request_in_week_1,117,calculator,Geçmiş Altın Fiyatları,finansal-hesaplamalar,Finans,gecmis-altin-fiyatlari,2026-03-14T00:00:00.000Z,0.80,https://www.hesapmod.com/finansal-hesaplamalar/gecmis-altin-fiyatlari,sitemap:0.80; calculator-landing; category-boost:16; guide-support:9
55,wave_3,request_in_week_1,117,calculator,Geçmiş Döviz Kurları,finansal-hesaplamalar,Finans,gecmis-doviz-kurlari,2026-03-14T00:00:00.000Z,0.80,https://www.hesapmod.com/finansal-hesaplamalar/gecmis-doviz-kurlari,sitemap:0.80; calculator-landing; category-boost:16; guide-support:9
56,wave_3,request_in_week_1,117,calculator,Ticari Kredi Hesaplama,finansal-hesaplamalar,Finans,is-yeri-ve-ticari-kredi-hesaplama,2026-03-14T00:00:00.000Z,0.80,https://www.hesapmod.com/finansal-hesaplamalar/is-yeri-ve-ticari-kredi-hesaplama,sitemap:0.80; calculator-landing; category-boost:16; guide-support:9
57,wave_3,request_in_week_1,117,calculator,"Kira mı, Konut Kredisi mi?",finansal-hesaplamalar,Finans,kira-mi-konut-kredisi-mi-hesaplama,2026-03-14T00:00:00.000Z,0.80,https://www.hesapmod.com/finansal-hesaplamalar/kira-mi-konut-kredisi-mi-hesaplama,sitemap:0.80; calculator-landing; category-boost:16; guide-support:9
58,wave_3,request_in_week_1,117,calculator,Kredi Dosya Masrafı Hesaplama,finansal-hesaplamalar,Finans,kredi-dosya-masrafi-hesaplama,2026-03-14T00:00:00.000Z,0.80,https://www.hesapmod.com/finansal-hesaplamalar/kredi-dosya-masrafi-hesaplama,sitemap:0.80; calculator-landing; category-boost:16; guide-support:9
59,wave_3,request_in_week_1,117,calculator,Kredi Erken Kapatma Cezası Hesaplama,finansal-hesaplamalar,Finans,kredi-erken-kapatma-cezasi-hesaplama,2026-03-14T00:00:00.000Z,0.80,https://www.hesapmod.com/finansal-hesaplamalar/kredi-erken-kapatma-cezasi-hesaplama,sitemap:0.80; calculator-landing; category-boost:16; guide-support:9
60,wave_3,request_in_week_1,117,calculator,Kredi Karşılaştırma,finansal-hesaplamalar,Finans,kredi-karsilastirma-hesaplama,2026-03-14T00:00:00.000Z,0.80,https://www.hesapmod.com/finansal-hesaplamalar/kredi-karsilastirma-hesaplama,sitemap:0.80; calculator-landing; category-boost:16; guide-support:9
61,wave_3,request_in_week_1,117,calculator,Kredi Yapılandırma,finansal-hesaplamalar,Finans,kredi-yapilandirma-hesaplama,2026-03-14T00:00:00.000Z,0.80,https://www.hesapmod.com/finansal-hesaplamalar/kredi-yapilandirma-hesaplama,sitemap:0.80; calculator-landing; category-boost:16; guide-support:9
62,wave_3,request_in_week_1,117,calculator,Ne Kadar Kredi Alabilirim?,finansal-hesaplamalar,Finans,ne-kadar-kredi-alabilirim-hesaplama,2026-03-14T00:00:00.000Z,0.80,https://www.hesapmod.com/finansal-hesaplamalar/ne-kadar-kredi-alabilirim-hesaplama,sitemap:0.80; calculator-landing; category-boost:16; guide-support:9
63,wave_3,request_in_week_1,117,calculator,IBAN Doğrulama,finansal-hesaplamalar,Finans,iban-dogrulama,2026-03-09T09:00:00.000Z,0.80,https://www.hesapmod.com/finansal-hesaplamalar/iban-dogrulama,sitemap:0.80; calculator-landing; category-boost:16; guide-support:9
64,wave_3,request_in_week_1,117,calculator,İç Verim Oranı (IRR) Hesaplama,finansal-hesaplamalar,Finans,ic-verim-orani-hesaplama,2026-03-09T09:00:00.000Z,0.80,https://www.hesapmod.com/finansal-hesaplamalar/ic-verim-orani-hesaplama,sitemap:0.80; calculator-landing; category-boost:16; guide-support:9
65,wave_3,request_in_week_1,117,calculator,İç ve Dış İskonto Hesaplama,finansal-hesaplamalar,Finans,iskonto-hesaplama,2026-03-09T09:00:00.000Z,0.80,https://www.hesapmod.com/finansal-hesaplamalar/iskonto-hesaplama,sitemap:0.80; calculator-landing; category-boost:16; guide-support:9
66,wave_3,request_in_week_1,117,calculator,Kredi Gecikme Faizi,finansal-hesaplamalar,Finans,kredi-gecikme-faizi-hesaplama,2026-03-09T09:00:00.000Z,0.80,https://www.hesapmod.com/finansal-hesaplamalar/kredi-gecikme-faizi-hesaplama,sitemap:0.80; calculator-landing; category-boost:16; guide-support:9
67,wave_3,request_in_week_1,117,calculator,Kredi Kartı Ek Taksit Hesaplama,finansal-hesaplamalar,Finans,kredi-karti-ek-taksit-hesaplama,2026-03-09T09:00:00.000Z,0.80,https://www.hesapmod.com/finansal-hesaplamalar/kredi-karti-ek-taksit-hesaplama,sitemap:0.80; calculator-landing; category-boost:16; guide-support:9
68,wave_3,request_in_week_1,117,calculator,İşlem Sonradan Taksitlendirme,finansal-hesaplamalar,Finans,kredi-karti-islem-taksitlendirme-hesaplama,2026-03-09T09:00:00.000Z,0.80,https://www.hesapmod.com/finansal-hesaplamalar/kredi-karti-islem-taksitlendirme-hesaplama,sitemap:0.80; calculator-landing; category-boost:16; guide-support:9
69,wave_3,request_in_week_1,117,calculator,Net Bugünkü Değer (NPV) Hesaplama,finansal-hesaplamalar,Finans,net-bugunku-deger-hesaplama,2026-03-09T09:00:00.000Z,0.80,https://www.hesapmod.com/finansal-hesaplamalar/net-bugunku-deger-hesaplama,sitemap:0.80; calculator-landing; category-boost:16; guide-support:9
70,wave_3,request_in_week_1,117,calculator,Ortalama Vade Hesaplama,finansal-hesaplamalar,Finans,ortalama-vade-hesaplama,2026-03-09T09:00:00.000Z,0.80,https://www.hesapmod.com/finansal-hesaplamalar/ortalama-vade-hesaplama,sitemap:0.80; calculator-landing; category-boost:16; guide-support:9
71,wave_3,request_in_week_1,117,calculator,Parasal Değer Hesaplama (TVM),finansal-hesaplamalar,Finans,parasal-deger-zaman-hesaplama,2026-03-09T09:00:00.000Z,0.80,https://www.hesapmod.com/finansal-hesaplamalar/parasal-deger-zaman-hesaplama,sitemap:0.80; calculator-landing; category-boost:16; guide-support:9
72,wave_3,request_in_week_1,117,calculator,Repo Hesaplama,finansal-hesaplamalar,Finans,repo-hesaplama,2026-03-09T09:00:00.000Z,0.80,https://www.hesapmod.com/finansal-hesaplamalar/repo-hesaplama,sitemap:0.80; calculator-landing; category-boost:16; guide-support:9
73,wave_3,request_in_week_1,117,calculator,Ticari İhtiyaç Kredisi Hesaplama,finansal-hesaplamalar,Finans,ticari-ihtiyac-kredisi-hesaplama,2026-03-09T09:00:00.000Z,0.80,https://www.hesapmod.com/finansal-hesaplamalar/ticari-ihtiyac-kredisi-hesaplama,sitemap:0.80; calculator-landing; category-boost:16; guide-support:9
74,wave_3,request_in_week_1,117,calculator,Ticari Kredi Hesaplama,finansal-hesaplamalar,Finans,ticari-kredi-hesaplama,2026-03-09T09:00:00.000Z,0.80,https://www.hesapmod.com/finansal-hesaplamalar/ticari-kredi-hesaplama,sitemap:0.80; calculator-landing; category-boost:16; guide-support:9
75,wave_3,request_in_week_1,117,calculator,Vadeli İşlem Fiyatı (Futures) Hesaplama,finansal-hesaplamalar,Finans,vadeli-islem-fiyat-hesaplama,2026-03-09T09:00:00.000Z,0.80,https://www.hesapmod.com/finansal-hesaplamalar/vadeli-islem-fiyat-hesaplama,sitemap:0.80; calculator-landing; category-boost:16; guide-support:9
76,wave_3,request_in_week_1,116,calculator,Burs Hesaplama,sinav-hesaplamalari,Sınav,burs-hesaplama,2026-05-02T00:00:00.000Z,0.80,https://www.hesapmod.com/sinav-hesaplamalari/burs-hesaplama,sitemap:0.80; calculator-landing; category-boost:12; guide-support:6
77,wave_3,request_in_week_1,116,calculator,Ders Çalışma Planı Hesaplama,sinav-hesaplamalari,Sınav,ders-calisma-plani,2026-05-02T00:00:00.000Z,0.80,https://www.hesapmod.com/sinav-hesaplamalari/ders-calisma-plani,sitemap:0.80; calculator-landing; category-boost:12; guide-support:6
78,wave_3,request_in_week_1,116,calculator,Ders Çalışma Saati Hesaplama,sinav-hesaplamalari,Sınav,ders-calisma-saati,2026-05-02T00:00:00.000Z,0.80,https://www.hesapmod.com/sinav-hesaplamalari/ders-calisma-saati,sitemap:0.80; calculator-landing; category-boost:12; guide-support:6
79,wave_3,request_in_week_1,116,calculator,Eğitim Kredisi Hesaplama,sinav-hesaplamalari,Sınav,egitim-kredisi,2026-05-02T00:00:00.000Z,0.80,https://www.hesapmod.com/sinav-hesaplamalari/egitim-kredisi,sitemap:0.80; calculator-landing; category-boost:12; guide-support:6
80,wave_3,request_in_week_1,116,calculator,Eğitim Süresi Hesaplama,sinav-hesaplamalari,Sınav,egitim-suresi-hesaplama,2026-05-02T00:00:00.000Z,0.80,https://www.hesapmod.com/sinav-hesaplamalari/egitim-suresi-hesaplama,sitemap:0.80; calculator-landing; category-boost:12; guide-support:6
81,wave_3,request_in_week_1,116,calculator,Kitap Maliyeti Hesaplama,sinav-hesaplamalari,Sınav,kitap-maliyeti,2026-05-02T00:00:00.000Z,0.80,https://www.hesapmod.com/sinav-hesaplamalari/kitap-maliyeti,sitemap:0.80; calculator-landing; category-boost:12; guide-support:6
82,wave_3,request_in_week_1,116,calculator,Öğrenci Bütçe Hesaplama,sinav-hesaplamalari,Sınav,ogrenci-butce-hesaplama,2026-05-02T00:00:00.000Z,0.80,https://www.hesapmod.com/sinav-hesaplamalari/ogrenci-butce-hesaplama,sitemap:0.80; calculator-landing; category-boost:12; guide-support:6
83,wave_3,request_in_week_1,116,calculator,Öğrenci Yaşam Maliyeti Hesaplama,sinav-hesaplamalari,Sınav,ogrenci-yasam-maliyeti,2026-05-02T00:00:00.000Z,0.80,https://www.hesapmod.com/sinav-hesaplamalari/ogrenci-yasam-maliyeti,sitemap:0.80; calculator-landing; category-boost:12; guide-support:6
84,wave_3,request_in_week_1,116,calculator,Okul Gider Hesaplama,sinav-hesaplamalari,Sınav,okul-gider-hesaplama,2026-05-02T00:00:00.000Z,0.80,https://www.hesapmod.com/sinav-hesaplamalari/okul-gider-hesaplama,sitemap:0.80; calculator-landing; category-boost:12; guide-support:6
85,wave_3,request_in_week_1,116,calculator,Test Başarı Oranı Hesaplama,sinav-hesaplamalari,Sınav,test-basari-orani,2026-05-02T00:00:00.000Z,0.80,https://www.hesapmod.com/sinav-hesaplamalari/test-basari-orani,sitemap:0.80; calculator-landing; category-boost:12; guide-support:6
86,wave_3,request_in_week_1,116,calculator,YKS Sıralama Tahmini,sinav-hesaplamalari,Sınav,yks-siralama-tahmini,2026-05-02T00:00:00.000Z,0.80,https://www.hesapmod.com/sinav-hesaplamalari/yks-siralama-tahmini,sitemap:0.80; calculator-landing; category-boost:12; guide-support:6
87,wave_3,request_in_week_1,116,calculator,Yurt Maliyeti Hesaplama,sinav-hesaplamalari,Sınav,yurt-maliyeti,2026-05-02T00:00:00.000Z,0.80,https://www.hesapmod.com/sinav-hesaplamalari/yurt-maliyeti,sitemap:0.80; calculator-landing; category-boost:12; guide-support:6
88,wave_3,request_in_week_1,116,category,Finans Kategori,finansal-hesaplamalar,Finans,finansal-hesaplamalar,2026-05-01T09:00:00.000Z,0.80,https://www.hesapmod.com/kategori/finansal-hesaplamalar,sitemap:0.80; category-hub; category-boost:16
89,wave_3,request_in_week_1,116,calculator,Damga Vergisi Hesaplama,maas-ve-vergi,Maaş & Vergi,damga-vergisi-hesaplama,2026-03-15T00:00:00.000Z,0.80,https://www.hesapmod.com/maas-ve-vergi/damga-vergisi-hesaplama,sitemap:0.80; calculator-landing; category-boost:15; guide-support:9
90,wave_3,request_in_week_1,116,calculator,Değer Artış Kazancı Vergisi Hesaplama,maas-ve-vergi,Maaş & Vergi,deger-artis-kazanci-vergisi,2026-03-15T00:00:00.000Z,0.80,https://www.hesapmod.com/maas-ve-vergi/deger-artis-kazanci-vergisi,sitemap:0.80; calculator-landing; category-boost:15; guide-support:9
91,wave_3,request_in_week_1,116,calculator,Değerli Konut Vergisi Hesaplama,maas-ve-vergi,Maaş & Vergi,degerli-konut-vergisi-hesaplama,2026-03-15T00:00:00.000Z,0.80,https://www.hesapmod.com/maas-ve-vergi/degerli-konut-vergisi-hesaplama,sitemap:0.80; calculator-landing; category-boost:15; guide-support:9
92,wave_3,request_in_week_1,116,calculator,Harcırah (Yolluk) Hesaplama,maas-ve-vergi,Maaş & Vergi,harcirah-yolluk-hesaplama,2026-03-15T00:00:00.000Z,0.80,https://www.hesapmod.com/maas-ve-vergi/harcirah-yolluk-hesaplama,sitemap:0.80; calculator-landing; category-boost:15; guide-support:9
93,wave_3,request_in_week_1,116,calculator,Kambiyo Vergisi Hesaplama,maas-ve-vergi,Maaş & Vergi,kambiyo-vergisi-hesaplama,2026-03-15T00:00:00.000Z,0.80,https://www.hesapmod.com/maas-ve-vergi/kambiyo-vergisi-hesaplama,sitemap:0.80; calculator-landing; category-boost:15; guide-support:9
94,wave_3,request_in_week_1,116,calculator,Kira Stopaj Hesaplama,maas-ve-vergi,Maaş & Vergi,kira-stopaj-hesaplama,2026-03-15T00:00:00.000Z,0.80,https://www.hesapmod.com/maas-ve-vergi/kira-stopaj-hesaplama,sitemap:0.80; calculator-landing; category-boost:15; guide-support:9
95,wave_3,request_in_week_1,116,calculator,Kira Vergisi Hesaplama,maas-ve-vergi,Maaş & Vergi,kira-vergisi-hesaplama,2026-03-15T00:00:00.000Z,0.80,https://www.hesapmod.com/maas-ve-vergi/kira-vergisi-hesaplama,sitemap:0.80; calculator-landing; category-boost:15; guide-support:9
96,wave_3,request_in_week_1,116,calculator,Veraset ve İntikal Vergisi Hesaplama,maas-ve-vergi,Maaş & Vergi,veraset-intikal-vergisi-hesaplama,2026-03-15T00:00:00.000Z,0.80,https://www.hesapmod.com/maas-ve-vergi/veraset-intikal-vergisi-hesaplama,sitemap:0.80; calculator-landing; category-boost:15; guide-support:9
97,wave_3,request_in_week_1,116,calculator,Vergi Gecikme Faizi Hesaplama,maas-ve-vergi,Maaş & Vergi,vergi-gecikme-faizi-hesaplama,2026-03-15T00:00:00.000Z,0.80,https://www.hesapmod.com/maas-ve-vergi/vergi-gecikme-faizi-hesaplama,sitemap:0.80; calculator-landing; category-boost:15; guide-support:9
98,wave_3,request_in_week_1,116,calculator,Gebelik (Hamilelik) Hesaplama,yasam-hesaplama,Yaşam,gebelik-hesaplama,2026-03-15T00:00:00.000Z,0.80,https://www.hesapmod.com/yasam-hesaplama/gebelik-hesaplama,sitemap:0.80; calculator-landing; category-boost:10; slug-boost:11; guide-support:3
99,wave_3,request_in_week_1,116,calculator,Asgari Ücret 2026,maas-ve-vergi,Maaş & Vergi,asgari-ucret-hesaplama,2026-03-14T00:00:00.000Z,0.80,https://www.hesapmod.com/maas-ve-vergi/asgari-ucret-hesaplama,sitemap:0.80; calculator-landing; category-boost:15; guide-support:9
100,wave_3,request_in_week_1,116,calculator,Kurumlar Vergisi Hesaplama,maas-ve-vergi,Maaş & Vergi,kurumlar-vergisi-hesaplama,2026-03-14T00:00:00.000Z,0.80,https://www.hesapmod.com/maas-ve-vergi/kurumlar-vergisi-hesaplama,sitemap:0.80; calculator-landing; category-boost:15; guide-support:9
101,wave_4,request_in_week_2,116,calculator,Gümrük Vergisi Hesaplama,maas-ve-vergi,Maaş & Vergi,gumruk-vergisi-hesaplama,2026-03-09T09:00:00.000Z,0.80,https://www.hesapmod.com/maas-ve-vergi/gumruk-vergisi-hesaplama,sitemap:0.80; calculator-landing; category-boost:15; guide-support:9
102,wave_4,request_in_week_2,116,calculator,Konaklama Vergisi Hesaplama,maas-ve-vergi,Maaş & Vergi,konaklama-vergisi-hesaplama,2026-03-09T09:00:00.000Z,0.80,https://www.hesapmod.com/maas-ve-vergi/konaklama-vergisi-hesaplama,sitemap:0.80; calculator-landing; category-boost:15; guide-support:9
103,wave_4,request_in_week_2,115,category,Taşıt & Vergi Kategori,tasit-ve-vergi,Taşıt & Vergi,tasit-ve-vergi,2026-05-02T09:00:00.000Z,0.80,https://www.hesapmod.com/kategori/tasit-ve-vergi,sitemap:0.80; category-hub; category-boost:13
104,wave_4,request_in_week_2,115,category,Maaş & Vergi Kategori,maas-ve-vergi,Maaş & Vergi,maas-ve-vergi,2026-05-01T09:00:00.000Z,0.80,https://www.hesapmod.com/kategori/maas-ve-vergi,sitemap:0.80; category-hub; category-boost:15
105,wave_4,request_in_week_2,115,calculator,Yumurtlama Dönemi Hesaplama,yasam-hesaplama,Yaşam,yumurtlama-donemi-hesaplama,2026-03-09T09:00:00.000Z,0.80,https://www.hesapmod.com/yasam-hesaplama/yumurtlama-donemi-hesaplama,sitemap:0.80; calculator-landing; category-boost:10; slug-boost:10; guide-support:3
106,wave_4,request_in_week_2,114,category,Sınav Kategori,sinav-hesaplamalari,Sınav,sinav-hesaplamalari,2026-05-02T09:00:00.000Z,0.80,https://www.hesapmod.com/kategori/sinav-hesaplamalari,sitemap:0.80; category-hub; category-boost:12
107,wave_4,request_in_week_2,114,calculator,OBP Okul Puanı Hesaplama,sinav-hesaplamalari,Sınav,obp-puan-hesaplama,2026-05-01T09:00:00.000Z,0.80,https://www.hesapmod.com/sinav-hesaplamalari/obp-puan-hesaplama,sitemap:0.80; calculator-landing; category-boost:12; guide-support:6
108,wave_4,request_in_week_2,114,calculator,Takdir Teşekkür Hesaplama,sinav-hesaplamalari,Sınav,takdir-tesekkur-hesaplama,2026-05-01T09:00:00.000Z,0.80,https://www.hesapmod.com/sinav-hesaplamalari/takdir-tesekkur-hesaplama,sitemap:0.80; calculator-landing; category-boost:12; guide-support:6
109,wave_4,request_in_week_2,112,category,Yaşam Kategori,yasam-hesaplama,Yaşam,yasam-hesaplama,2026-05-02T09:00:00.000Z,0.80,https://www.hesapmod.com/kategori/yasam-hesaplama,sitemap:0.80; category-hub; category-boost:10
110,wave_4,request_in_week_2,112,calculator,İşsizlik Maaşı Hesaplama,muhasebe,Muhasebe,issizlik-maasi-hesaplama,2026-04-12T00:00:00.000Z,0.80,https://www.hesapmod.com/muhasebe/issizlik-maasi-hesaplama,sitemap:0.80; calculator-landing; slug-boost:15; guide-support:3
111,wave_4,request_in_week_2,111,calculator,Bel / Kalça Oranı Hesaplama,yasam-hesaplama,Yaşam,bel-kalca-orani-hesaplama,2026-05-02T09:00:00.000Z,0.80,https://www.hesapmod.com/yasam-hesaplama/bel-kalca-orani-hesaplama,sitemap:0.80; calculator-landing; category-boost:10; guide-support:3
112,wave_4,request_in_week_2,111,calculator,Doğum Tarihi Hesaplama,yasam-hesaplama,Yaşam,dogum-tarihi-hesaplama,2026-05-02T09:00:00.000Z,0.80,https://www.hesapmod.com/yasam-hesaplama/dogum-tarihi-hesaplama,sitemap:0.80; calculator-landing; category-boost:10; guide-support:3
113,wave_4,request_in_week_2,111,calculator,Günlük Karbonhidrat İhtiyacı Hesaplama,yasam-hesaplama,Yaşam,gunluk-karbonhidrat-ihtiyaci-hesaplama,2026-05-02T09:00:00.000Z,0.80,https://www.hesapmod.com/yasam-hesaplama/gunluk-karbonhidrat-ihtiyaci-hesaplama,sitemap:0.80; calculator-landing; category-boost:10; guide-support:3
114,wave_4,request_in_week_2,111,calculator,Günlük Makro Besin İhtiyacı Hesaplama,yasam-hesaplama,Yaşam,gunluk-makro-besin-ihtiyaci-hesaplama,2026-05-02T09:00:00.000Z,0.80,https://www.hesapmod.com/yasam-hesaplama/gunluk-makro-besin-ihtiyaci-hesaplama,sitemap:0.80; calculator-landing; category-boost:10; guide-support:3
115,wave_4,request_in_week_2,111,calculator,Günlük Su İhtiyacı Hesaplama,yasam-hesaplama,Yaşam,gunluk-su-ihtiyaci-hesaplama,2026-05-02T09:00:00.000Z,0.80,https://www.hesapmod.com/yasam-hesaplama/gunluk-su-ihtiyaci-hesaplama,sitemap:0.80; calculator-landing; category-boost:10; guide-support:3
116,wave_4,request_in_week_2,111,calculator,Günlük Yağ İhtiyacı Hesaplama,yasam-hesaplama,Yaşam,gunluk-yag-ihtiyaci-hesaplama,2026-05-02T09:00:00.000Z,0.80,https://www.hesapmod.com/yasam-hesaplama/gunluk-yag-ihtiyaci-hesaplama,sitemap:0.80; calculator-landing; category-boost:10; guide-support:3
117,wave_4,request_in_week_2,111,calculator,Hamilelik Haftası Hesaplama,yasam-hesaplama,Yaşam,hamilelik-haftasi-hesaplama,2026-05-02T09:00:00.000Z,0.80,https://www.hesapmod.com/yasam-hesaplama/hamilelik-haftasi-hesaplama,sitemap:0.80; calculator-landing; category-boost:10; guide-support:3
118,wave_4,request_in_week_2,111,calculator,Vücut Yağ Oranı Hesaplama,yasam-hesaplama,Yaşam,vucut-yag-orani-hesaplama,2026-05-02T09:00:00.000Z,0.80,https://www.hesapmod.com/yasam-hesaplama/vucut-yag-orani-hesaplama,sitemap:0.80; calculator-landing; category-boost:10; guide-support:3
119,wave_4,request_in_week_2,111,calculator,Adım Kalori Hesaplama,yasam-hesaplama,Yaşam,adim-kalori-hesaplama,2026-05-02T00:00:00.000Z,0.80,https://www.hesapmod.com/yasam-hesaplama/adim-kalori-hesaplama,sitemap:0.80; calculator-landing; category-boost:10; guide-support:3
120,wave_4,request_in_week_2,111,calculator,Adım Mesafe Hesaplama,yasam-hesaplama,Yaşam,adim-mesafe-hesaplama,2026-05-02T00:00:00.000Z,0.80,https://www.hesapmod.com/yasam-hesaplama/adim-mesafe-hesaplama,sitemap:0.80; calculator-landing; category-boost:10; guide-support:3
121,wave_4,request_in_week_2,111,calculator,Alkol Promil Hesaplama,yasam-hesaplama,Yaşam,alkol-promil-hesaplama,2026-05-02T00:00:00.000Z,0.80,https://www.hesapmod.com/yasam-hesaplama/alkol-promil-hesaplama,sitemap:0.80; calculator-landing; category-boost:10; guide-support:3
122,wave_4,request_in_week_2,111,calculator,Antrenman Hacmi Hesaplama,yasam-hesaplama,Yaşam,antrenman-hacmi,2026-05-02T00:00:00.000Z,0.80,https://www.hesapmod.com/yasam-hesaplama/antrenman-hacmi,sitemap:0.80; calculator-landing; category-boost:10; guide-support:3
123,wave_4,request_in_week_2,111,calculator,Aylık Bütçe Hesaplama,yasam-hesaplama,Yaşam,aylik-butce-hesaplama,2026-05-02T00:00:00.000Z,0.80,https://www.hesapmod.com/yasam-hesaplama/aylik-butce-hesaplama,sitemap:0.80; calculator-landing; category-boost:10; guide-support:3
124,wave_4,request_in_week_2,111,calculator,Bahşiş Hesaplama,yasam-hesaplama,Yaşam,bahsis-hesaplama,2026-05-02T00:00:00.000Z,0.80,https://www.hesapmod.com/yasam-hesaplama/bahsis-hesaplama,sitemap:0.80; calculator-landing; category-boost:10; guide-support:3
125,wave_4,request_in_week_2,111,calculator,Bench Press Max Hesaplama,yasam-hesaplama,Yaşam,bench-press-max,2026-05-02T00:00:00.000Z,0.80,https://www.hesapmod.com/yasam-hesaplama/bench-press-max,sitemap:0.80; calculator-landing; category-boost:10; guide-support:3
126,wave_4,request_in_week_2,111,calculator,Çocuk BMI Hesaplama,yasam-hesaplama,Yaşam,cocuk-bmi-hesaplama,2026-05-02T00:00:00.000Z,0.80,https://www.hesapmod.com/yasam-hesaplama/cocuk-bmi-hesaplama,sitemap:0.80; calculator-landing; category-boost:10; guide-support:3
127,wave_4,request_in_week_2,111,calculator,Deadlift Max Hesaplama,yasam-hesaplama,Yaşam,deadlift-max,2026-05-02T00:00:00.000Z,0.80,https://www.hesapmod.com/yasam-hesaplama/deadlift-max,sitemap:0.80; calculator-landing; category-boost:10; guide-support:3
128,wave_4,request_in_week_2,111,calculator,Dinlenme Süresi Hesaplama,yasam-hesaplama,Yaşam,dinlenme-suresi,2026-05-02T00:00:00.000Z,0.80,https://www.hesapmod.com/yasam-hesaplama/dinlenme-suresi,sitemap:0.80; calculator-landing; category-boost:10; guide-support:3
129,wave_4,request_in_week_2,111,calculator,Doğalgaz Tüketimi Hesaplama,yasam-hesaplama,Yaşam,dogalgaz-tuketimi-hesaplama,2026-05-02T00:00:00.000Z,0.80,https://www.hesapmod.com/yasam-hesaplama/dogalgaz-tuketimi-hesaplama,sitemap:0.80; calculator-landing; category-boost:10; guide-support:3
130,wave_4,request_in_week_2,111,calculator,Elektrik Tüketim Hesaplama,yasam-hesaplama,Yaşam,elektrik-tuketim-hesaplama,2026-05-02T00:00:00.000Z,0.80,https://www.hesapmod.com/yasam-hesaplama/elektrik-tuketim-hesaplama,sitemap:0.80; calculator-landing; category-boost:10; guide-support:3
131,wave_4,request_in_week_2,111,calculator,Ev Gider Hesaplama,yasam-hesaplama,Yaşam,ev-gider-hesaplama,2026-05-02T00:00:00.000Z,0.80,https://www.hesapmod.com/yasam-hesaplama/ev-gider-hesaplama,sitemap:0.80; calculator-landing; category-boost:10; guide-support:3
132,wave_4,request_in_week_2,111,calculator,Günlük Harcama Hesaplama,yasam-hesaplama,Yaşam,gunluk-harcama-hesaplama,2026-05-02T00:00:00.000Z,0.80,https://www.hesapmod.com/yasam-hesaplama/gunluk-harcama-hesaplama,sitemap:0.80; calculator-landing; category-boost:10; guide-support:3
133,wave_4,request_in_week_2,111,calculator,Kalori Yakma Hesaplama,yasam-hesaplama,Yaşam,kalori-yakma-hesaplama,2026-05-02T00:00:00.000Z,0.80,https://www.hesapmod.com/yasam-hesaplama/kalori-yakma-hesaplama,sitemap:0.80; calculator-landing; category-boost:10; guide-support:3
134,wave_4,request_in_week_2,111,calculator,Kardiyo Süresi Hesaplama,yasam-hesaplama,Yaşam,kardiyo-suresi,2026-05-02T00:00:00.000Z,0.80,https://www.hesapmod.com/yasam-hesaplama/kardiyo-suresi,sitemap:0.80; calculator-landing; category-boost:10; guide-support:3
135,wave_4,request_in_week_2,111,calculator,Kas Kütlesi Hesaplama,yasam-hesaplama,Yaşam,kas-kutlesi-hesaplama,2026-05-02T00:00:00.000Z,0.80,https://www.hesapmod.com/yasam-hesaplama/kas-kutlesi-hesaplama,sitemap:0.80; calculator-landing; category-boost:10; guide-support:3
136,wave_4,request_in_week_2,111,calculator,Koşu Pace Hesaplama,yasam-hesaplama,Yaşam,kosu-pace-hesaplama,2026-05-02T00:00:00.000Z,0.80,https://www.hesapmod.com/yasam-hesaplama/kosu-pace-hesaplama,sitemap:0.80; calculator-landing; category-boost:10; guide-support:3
137,wave_4,request_in_week_2,111,calculator,Maraton Tempo Hesaplama,yasam-hesaplama,Yaşam,maraton-tempo-hesaplama,2026-05-02T00:00:00.000Z,0.80,https://www.hesapmod.com/yasam-hesaplama/maraton-tempo-hesaplama,sitemap:0.80; calculator-landing; category-boost:10; guide-support:3
138,wave_4,request_in_week_2,111,calculator,Metabolizma Yaşı Hesaplama,yasam-hesaplama,Yaşam,metabolizma-yasi-hesaplama,2026-05-02T00:00:00.000Z,0.80,https://www.hesapmod.com/yasam-hesaplama/metabolizma-yasi-hesaplama,sitemap:0.80; calculator-landing; category-boost:10; guide-support:3
139,wave_4,request_in_week_2,111,calculator,Nabız Aralığı Hesaplama,yasam-hesaplama,Yaşam,nabiz-araligi-hesaplama,2026-05-02T00:00:00.000Z,0.80,https://www.hesapmod.com/yasam-hesaplama/nabiz-araligi-hesaplama,sitemap:0.80; calculator-landing; category-boost:10; guide-support:3
140,wave_4,request_in_week_2,111,calculator,Set Tekrar Hesaplama,yasam-hesaplama,Yaşam,set-tekrar-hesaplama,2026-05-02T00:00:00.000Z,0.80,https://www.hesapmod.com/yasam-hesaplama/set-tekrar-hesaplama,sitemap:0.80; calculator-landing; category-boost:10; guide-support:3
141,wave_4,request_in_week_2,111,calculator,Split Hesaplama,yasam-hesaplama,Yaşam,split-hesaplama,2026-05-02T00:00:00.000Z,0.80,https://www.hesapmod.com/yasam-hesaplama/split-hesaplama,sitemap:0.80; calculator-landing; category-boost:10; guide-support:3
142,wave_4,request_in_week_2,111,calculator,Spor Hedef Hesaplama,yasam-hesaplama,Yaşam,spor-hedef-hesaplama,2026-05-02T00:00:00.000Z,0.80,https://www.hesapmod.com/yasam-hesaplama/spor-hedef-hesaplama,sitemap:0.80; calculator-landing; category-boost:10; guide-support:3
143,wave_4,request_in_week_2,111,calculator,Squat Max Hesaplama,yasam-hesaplama,Yaşam,squat-max,2026-05-02T00:00:00.000Z,0.80,https://www.hesapmod.com/yasam-hesaplama/squat-max,sitemap:0.80; calculator-landing; category-boost:10; guide-support:3
144,wave_4,request_in_week_2,111,calculator,Su Faturası Hesaplama,yasam-hesaplama,Yaşam,su-faturasi-hesaplama,2026-05-02T00:00:00.000Z,0.80,https://www.hesapmod.com/yasam-hesaplama/su-faturasi-hesaplama,sitemap:0.80; calculator-landing; category-boost:10; guide-support:3
145,wave_4,request_in_week_2,111,calculator,Tatil Bütçesi Hesaplama,yasam-hesaplama,Yaşam,tatil-butcesi-hesaplama,2026-05-02T00:00:00.000Z,0.80,https://www.hesapmod.com/yasam-hesaplama/tatil-butcesi-hesaplama,sitemap:0.80; calculator-landing; category-boost:10; guide-support:3
146,wave_4,request_in_week_2,111,calculator,Uyku Süresi Hesaplama,yasam-hesaplama,Yaşam,uyku-suresi-hesaplama,2026-05-02T00:00:00.000Z,0.80,https://www.hesapmod.com/yasam-hesaplama/uyku-suresi-hesaplama,sitemap:0.80; calculator-landing; category-boost:10; guide-support:3
147,wave_4,request_in_week_2,111,calculator,VO2 Max Hesaplama,yasam-hesaplama,Yaşam,vo2-max-hesaplama,2026-05-02T00:00:00.000Z,0.80,https://www.hesapmod.com/yasam-hesaplama/vo2-max-hesaplama,sitemap:0.80; calculator-landing; category-boost:10; guide-support:3
148,wave_4,request_in_week_2,111,calculator,Yağ Yakım Bölgesi Hesaplama,yasam-hesaplama,Yaşam,yag-yakim-bolgesi-hesaplama,2026-05-02T00:00:00.000Z,0.80,https://www.hesapmod.com/yasam-hesaplama/yag-yakim-bolgesi-hesaplama,sitemap:0.80; calculator-landing; category-boost:10; guide-support:3
149,wave_4,request_in_week_2,110,category,Zaman & Tarih Kategori,zaman-hesaplama,Zaman & Tarih,zaman-hesaplama,2026-05-02T09:00:00.000Z,0.80,https://www.hesapmod.com/kategori/zaman-hesaplama,sitemap:0.80; category-hub; category-boost:8
150,wave_4,request_in_week_2,110,calculator,Elektrikli Araç Şarj Maliyeti Hesaplama,tasit-ve-vergi,Taşıt & Vergi,elektrikli-arac-sarj-maliyeti-hesaplama,2026-04-27T00:00:00.000Z,0.80,https://www.hesapmod.com/tasit-ve-vergi/elektrikli-arac-sarj-maliyeti-hesaplama,sitemap:0.80; calculator-landing; category-boost:13; guide-support:3
151,wave_4,request_in_week_2,110,calculator,Araç Değer Hesaplama,tasit-ve-vergi,Taşıt & Vergi,arac-deger-hesaplama,2026-04-26T00:00:00.000Z,0.80,https://www.hesapmod.com/tasit-ve-vergi/arac-deger-hesaplama,sitemap:0.80; calculator-landing; category-boost:13; guide-support:3
152,wave_4,request_in_week_2,110,calculator,Araç Muayene Ücreti Hesaplama,tasit-ve-vergi,Taşıt & Vergi,arac-muayene-ucreti-hesaplama,2026-04-12T00:00:00.000Z,0.80,https://www.hesapmod.com/tasit-ve-vergi/arac-muayene-ucreti-hesaplama,sitemap:0.80; calculator-landing; category-boost:13; guide-support:3
153,wave_4,request_in_week_2,110,calculator,"ALES Puan Hesaplama (SAY, SÖZ, EA)",sinav-hesaplamalari,Sınav,ales-puan-hesaplama,2026-03-28T00:00:00.000Z,0.80,https://www.hesapmod.com/sinav-hesaplamalari/ales-puan-hesaplama,sitemap:0.80; calculator-landing; category-boost:12; guide-support:6
154,wave_4,request_in_week_2,110,calculator,ÖGG Sınav Puanı Hesaplama (Silahlı ve Silahsız),sinav-hesaplamalari,Sınav,ozel-guvenlik-sinav-hesaplama,2026-03-18T00:00:00.000Z,0.80,https://www.hesapmod.com/sinav-hesaplamalari/ozel-guvenlik-sinav-hesaplama,sitemap:0.80; calculator-landing; category-boost:12; guide-support:6
155,wave_4,request_in_week_2,110,calculator,AGS Puan Hesaplama 2026,sinav-hesaplamalari,Sınav,ags-puan-hesaplama,2026-03-14T00:00:00.000Z,0.80,https://www.hesapmod.com/sinav-hesaplamalari/ags-puan-hesaplama,sitemap:0.80; calculator-landing; category-boost:12; guide-support:6
156,wave_4,request_in_week_2,110,calculator,AKS Puan Hesaplama,sinav-hesaplamalari,Sınav,aks-puan-hesaplama,2026-03-14T00:00:00.000Z,0.80,https://www.hesapmod.com/sinav-hesaplamalari/aks-puan-hesaplama,sitemap:0.80; calculator-landing; category-boost:12; guide-support:6
157,wave_4,request_in_week_2,110,calculator,DGS Puan Hesaplama 2026,sinav-hesaplamalari,Sınav,dgs-puan-hesaplama,2026-03-14T00:00:00.000Z,0.80,https://www.hesapmod.com/sinav-hesaplamalari/dgs-puan-hesaplama,sitemap:0.80; calculator-landing; category-boost:12; guide-support:6
158,wave_4,request_in_week_2,110,calculator,DİB MBSTS Puan Hesaplama,sinav-hesaplamalari,Sınav,dib-mbsts-puan-hesaplama,2026-03-14T00:00:00.000Z,0.80,https://www.hesapmod.com/sinav-hesaplamalari/dib-mbsts-puan-hesaplama,sitemap:0.80; calculator-landing; category-boost:12; guide-support:6
159,wave_4,request_in_week_2,110,calculator,DUS Puan Hesaplama,sinav-hesaplamalari,Sınav,dus-puan-hesaplama,2026-03-14T00:00:00.000Z,0.80,https://www.hesapmod.com/sinav-hesaplamalari/dus-puan-hesaplama,sitemap:0.80; calculator-landing; category-boost:12; guide-support:6
160,wave_4,request_in_week_2,110,calculator,Ehliyet Sınavı Puan Hesaplama,sinav-hesaplamalari,Sınav,ehliyet-sinav-puan-hesaplama,2026-03-14T00:00:00.000Z,0.80,https://www.hesapmod.com/sinav-hesaplamalari/ehliyet-sinav-puan-hesaplama,sitemap:0.80; calculator-landing; category-boost:12; guide-support:6
161,wave_5,sitemap_monitor,110,calculator,EKPSS Puan Hesaplama,sinav-hesaplamalari,Sınav,ekpss-puan-hesaplama,2026-03-14T00:00:00.000Z,0.80,https://www.hesapmod.com/sinav-hesaplamalari/ekpss-puan-hesaplama,sitemap:0.80; calculator-landing; category-boost:12; guide-support:6
162,wave_5,sitemap_monitor,110,calculator,EUS Puan Hesaplama,sinav-hesaplamalari,Sınav,eus-puan-hesaplama,2026-03-14T00:00:00.000Z,0.80,https://www.hesapmod.com/sinav-hesaplamalari/eus-puan-hesaplama,sitemap:0.80; calculator-landing; category-boost:12; guide-support:6
163,wave_5,sitemap_monitor,110,calculator,Hâkim ve Savcı Yrd. Sınavı Puan Hesaplama,sinav-hesaplamalari,Sınav,hakim-savci-yrd-puan-hesaplama,2026-03-14T00:00:00.000Z,0.80,https://www.hesapmod.com/sinav-hesaplamalari/hakim-savci-yrd-puan-hesaplama,sitemap:0.80; calculator-landing; category-boost:12; guide-support:6
164,wave_5,sitemap_monitor,110,calculator,HMGS Puan Hesaplama,sinav-hesaplamalari,Sınav,hmgs-puan-hesaplama,2026-03-14T00:00:00.000Z,0.80,https://www.hesapmod.com/sinav-hesaplamalari/hmgs-puan-hesaplama,sitemap:0.80; calculator-landing; category-boost:12; guide-support:6
165,wave_5,sitemap_monitor,110,calculator,İSG Puan Hesaplama,sinav-hesaplamalari,Sınav,isg-puan-hesaplama,2026-03-14T00:00:00.000Z,0.80,https://www.hesapmod.com/sinav-hesaplamalari/isg-puan-hesaplama,sitemap:0.80; calculator-landing; category-boost:12; guide-support:6
166,wave_5,sitemap_monitor,110,calculator,İYÖS Puan Hesaplama,sinav-hesaplamalari,Sınav,iyos-puan-hesaplama,2026-03-14T00:00:00.000Z,0.80,https://www.hesapmod.com/sinav-hesaplamalari/iyos-puan-hesaplama,sitemap:0.80; calculator-landing; category-boost:12; guide-support:6
167,wave_5,sitemap_monitor,110,calculator,MSÜ Puan Hesaplama,sinav-hesaplamalari,Sınav,msu-puan-hesaplama,2026-03-14T00:00:00.000Z,0.80,https://www.hesapmod.com/sinav-hesaplamalari/msu-puan-hesaplama,sitemap:0.80; calculator-landing; category-boost:12; guide-support:6
168,wave_5,sitemap_monitor,110,calculator,ÖGG Sınav Puan Hesaplama,sinav-hesaplamalari,Sınav,ogg-sinav-puan-hesaplama,2026-03-14T00:00:00.000Z,0.80,https://www.hesapmod.com/sinav-hesaplamalari/ogg-sinav-puan-hesaplama,sitemap:0.80; calculator-landing; category-boost:12; guide-support:6
169,wave_5,sitemap_monitor,110,calculator,ÖYP Puan Hesaplama,sinav-hesaplamalari,Sınav,oyp-puan-hesaplama,2026-03-14T00:00:00.000Z,0.80,https://www.hesapmod.com/sinav-hesaplamalari/oyp-puan-hesaplama,sitemap:0.80; calculator-landing; category-boost:12; guide-support:6
170,wave_5,sitemap_monitor,110,calculator,PMYO Giriş Puanı Hesaplama,sinav-hesaplamalari,Sınav,pmyo-puan-hesaplama,2026-03-14T00:00:00.000Z,0.80,https://www.hesapmod.com/sinav-hesaplamalari/pmyo-puan-hesaplama,sitemap:0.80; calculator-landing; category-boost:12; guide-support:6
171,wave_5,sitemap_monitor,110,calculator,POMEM Giriş Puanı Hesaplama,sinav-hesaplamalari,Sınav,pomem-puan-hesaplama,2026-03-14T00:00:00.000Z,0.80,https://www.hesapmod.com/sinav-hesaplamalari/pomem-puan-hesaplama,sitemap:0.80; calculator-landing; category-boost:12; guide-support:6
172,wave_5,sitemap_monitor,110,calculator,TUS Puan Hesaplama,sinav-hesaplamalari,Sınav,tus-puan-hesaplama,2026-03-14T00:00:00.000Z,0.80,https://www.hesapmod.com/sinav-hesaplamalari/tus-puan-hesaplama,sitemap:0.80; calculator-landing; category-boost:12; guide-support:6
173,wave_5,sitemap_monitor,110,calculator,YDS Puan Hesaplama,sinav-hesaplamalari,Sınav,yds-puan-hesaplama,2026-03-14T00:00:00.000Z,0.80,https://www.hesapmod.com/sinav-hesaplamalari/yds-puan-hesaplama,sitemap:0.80; calculator-landing; category-boost:12; guide-support:6
174,wave_5,sitemap_monitor,110,calculator,Ders Notu Hesaplama,sinav-hesaplamalari,Sınav,ders-notu-hesaplama,2026-03-09T09:00:00.000Z,0.80,https://www.hesapmod.com/sinav-hesaplamalari/ders-notu-hesaplama,sitemap:0.80; calculator-landing; category-boost:12; guide-support:6
175,wave_5,sitemap_monitor,110,calculator,DGS Taban Puanları Hesaplama,sinav-hesaplamalari,Sınav,dgs-taban-puanlari,2026-03-09T09:00:00.000Z,0.80,https://www.hesapmod.com/sinav-hesaplamalari/dgs-taban-puanlari,sitemap:0.80; calculator-landing; category-boost:12; guide-support:6
176,wave_5,sitemap_monitor,110,calculator,E-Okul Not Hesaplama,sinav-hesaplamalari,Sınav,e-okul-not-hesaplama,2026-03-09T09:00:00.000Z,0.80,https://www.hesapmod.com/sinav-hesaplamalari/e-okul-not-hesaplama,sitemap:0.80; calculator-landing; category-boost:12; guide-support:6
177,wave_5,sitemap_monitor,110,calculator,Lise Ders Puanı Hesaplama,sinav-hesaplamalari,Sınav,lise-ders-puani-hesaplama,2026-03-09T09:00:00.000Z,0.80,https://www.hesapmod.com/sinav-hesaplamalari/lise-ders-puani-hesaplama,sitemap:0.80; calculator-landing; category-boost:12; guide-support:6
178,wave_5,sitemap_monitor,110,calculator,Lise Mezuniyet Puanı Hesaplama,sinav-hesaplamalari,Sınav,lise-mezuniyet-puani-hesaplama,2026-03-09T09:00:00.000Z,0.80,https://www.hesapmod.com/sinav-hesaplamalari/lise-mezuniyet-puani-hesaplama,sitemap:0.80; calculator-landing; category-boost:12; guide-support:6
179,wave_5,sitemap_monitor,110,calculator,Lise Ortalama Hesaplama,sinav-hesaplamalari,Sınav,lise-ortalama-hesaplama,2026-03-09T09:00:00.000Z,0.80,https://www.hesapmod.com/sinav-hesaplamalari/lise-ortalama-hesaplama,sitemap:0.80; calculator-landing; category-boost:12; guide-support:6
180,wave_5,sitemap_monitor,110,calculator,Lise Sınıf Geçme Hesaplama,sinav-hesaplamalari,Sınav,lise-sinif-gecme-hesaplama,2026-03-09T09:00:00.000Z,0.80,https://www.hesapmod.com/sinav-hesaplamalari/lise-sinif-gecme-hesaplama,sitemap:0.80; calculator-landing; category-boost:12; guide-support:6
181,wave_5,sitemap_monitor,110,calculator,Lise Taban Puanları ve Yüzdelik Rehberi,sinav-hesaplamalari,Sınav,lise-taban-puanlari,2026-03-09T09:00:00.000Z,0.80,https://www.hesapmod.com/sinav-hesaplamalari/lise-taban-puanlari,sitemap:0.80; calculator-landing; category-boost:12; guide-support:6
182,wave_5,sitemap_monitor,110,calculator,Lise YBP Hesaplama,sinav-hesaplamalari,Sınav,lise-ybp-hesaplama,2026-03-09T09:00:00.000Z,0.80,https://www.hesapmod.com/sinav-hesaplamalari/lise-ybp-hesaplama,sitemap:0.80; calculator-landing; category-boost:12; guide-support:6
183,wave_5,sitemap_monitor,110,calculator,Okula Başlama Yaşı Hesaplama,sinav-hesaplamalari,Sınav,okula-baslama-yasi-hesaplama,2026-03-09T09:00:00.000Z,0.80,https://www.hesapmod.com/sinav-hesaplamalari/okula-baslama-yasi-hesaplama,sitemap:0.80; calculator-landing; category-boost:12; guide-support:6
184,wave_5,sitemap_monitor,110,calculator,İOKBS (Eski Adıyla PYBS) Puan Hesaplama,sinav-hesaplamalari,Sınav,pybs-puan-hesaplama,2026-03-09T09:00:00.000Z,0.80,https://www.hesapmod.com/sinav-hesaplamalari/pybs-puan-hesaplama,sitemap:0.80; calculator-landing; category-boost:12; guide-support:6
185,wave_5,sitemap_monitor,110,calculator,Üniversite Not Ortalaması Hesaplama,sinav-hesaplamalari,Sınav,universite-not-ortalamasi-hesaplama,2026-03-09T09:00:00.000Z,0.80,https://www.hesapmod.com/sinav-hesaplamalari/universite-not-ortalamasi-hesaplama,sitemap:0.80; calculator-landing; category-boost:12; guide-support:6
186,wave_5,sitemap_monitor,110,calculator,Üniversite (YKS) Taban Puanları Hesaplama,sinav-hesaplamalari,Sınav,universite-taban-puanlari,2026-03-09T09:00:00.000Z,0.80,https://www.hesapmod.com/sinav-hesaplamalari/universite-taban-puanlari,sitemap:0.80; calculator-landing; category-boost:12; guide-support:6
187,wave_5,sitemap_monitor,110,calculator,Vize Final Ortalama Hesaplama,sinav-hesaplamalari,Sınav,vize-final-ortalama-hesaplama,2026-03-09T09:00:00.000Z,0.80,https://www.hesapmod.com/sinav-hesaplamalari/vize-final-ortalama-hesaplama,sitemap:0.80; calculator-landing; category-boost:12; guide-support:6
188,wave_5,sitemap_monitor,109,category,Ticaret & İş Kategori,ticaret-ve-is,Ticaret & İş,ticaret-ve-is,2026-05-02T09:00:00.000Z,0.80,https://www.hesapmod.com/kategori/ticaret-ve-is,sitemap:0.80; category-hub; category-boost:7
189,wave_5,sitemap_monitor,109,calculator,Bazal Metabolizma Hızı (BMR),yasam-hesaplama,Yaşam,bazal-metabolizma-hizi-hesaplama,2026-05-01T09:00:00.000Z,0.80,https://www.hesapmod.com/yasam-hesaplama/bazal-metabolizma-hizi-hesaplama,sitemap:0.80; calculator-landing; category-boost:10; guide-support:3
190,wave_5,sitemap_monitor,109,calculator,İdeal Kilo Hesaplama,yasam-hesaplama,Yaşam,ideal-kilo-hesaplama,2026-05-01T00:00:00.000Z,0.80,https://www.hesapmod.com/yasam-hesaplama/ideal-kilo-hesaplama,sitemap:0.80; calculator-landing; category-boost:10; guide-support:3
191,wave_5,sitemap_monitor,109,calculator,İki Tarih Arasındaki Gün Sayısını Hesaplama,zaman-hesaplama,Zaman & Tarih,iki-tarih-arasindaki-gun-sayisi-hesaplama,2026-03-15T00:00:00.000Z,0.80,https://www.hesapmod.com/zaman-hesaplama/iki-tarih-arasindaki-gun-sayisi-hesaplama,sitemap:0.80; calculator-landing; category-boost:8; slug-boost:9
192,wave_5,sitemap_monitor,108,category,Matematik Kategori,matematik-hesaplama,Matematik,matematik-hesaplama,2026-05-02T09:00:00.000Z,0.80,https://www.hesapmod.com/kategori/matematik-hesaplama,sitemap:0.80; category-hub; category-boost:6
193,wave_5,sitemap_monitor,108,all_tools,Tum Araclar,,,,2026-05-02T09:00:00.000Z,0.80,https://www.hesapmod.com/tum-araclar,sitemap:0.80; catalog-hub
194,wave_5,sitemap_monitor,108,calculator,Hız / Mesafe / Süre Hesaplama,tasit-ve-vergi,Taşıt & Vergi,hiz-mesafe-sure,2026-03-09T09:00:00.000Z,0.80,https://www.hesapmod.com/tasit-ve-vergi/hiz-mesafe-sure,sitemap:0.80; calculator-landing; category-boost:13; guide-support:3
195,wave_5,sitemap_monitor,106,calculator,Hafta Hesaplama,zaman-hesaplama,Zaman & Tarih,hafta-hesaplama,2026-05-02T09:00:00.000Z,0.80,https://www.hesapmod.com/zaman-hesaplama/hafta-hesaplama,sitemap:0.80; calculator-landing; category-boost:8
196,wave_5,sitemap_monitor,106,calculator,Saat Farkı Hesaplama,zaman-hesaplama,Zaman & Tarih,saat-farki-hesaplama,2026-05-02T09:00:00.000Z,0.80,https://www.hesapmod.com/zaman-hesaplama/saat-farki-hesaplama,sitemap:0.80; calculator-landing; category-boost:8
197,wave_5,sitemap_monitor,106,calculator,Yaş Hesaplama Detaylı,zaman-hesaplama,Zaman & Tarih,yas-hesaplama-detayli,2026-05-02T09:00:00.000Z,0.80,https://www.hesapmod.com/zaman-hesaplama/yas-hesaplama-detayli,sitemap:0.80; calculator-landing; category-boost:8
198,wave_5,sitemap_monitor,105,category,Astroloji Kategori,astroloji,Astroloji,astroloji,2026-05-02T09:00:00.000Z,0.80,https://www.hesapmod.com/kategori/astroloji,sitemap:0.80; category-hub; category-boost:3
199,wave_5,sitemap_monitor,105,calculator,Yaşam Süresi (Ömür Beklentisi) Hesaplama,yasam-hesaplama,Yaşam,yasam-suresi-hesaplama,2026-03-28T09:00:00.000Z,0.80,https://www.hesapmod.com/yasam-hesaplama/yasam-suresi-hesaplama,sitemap:0.80; calculator-landing; category-boost:10; guide-support:3
200,wave_5,sitemap_monitor,105,calculator,Günlük Kalori İhtiyacı (TDEE),yasam-hesaplama,Yaşam,gunluk-kalori-ihtiyaci,2026-03-15T00:00:00.000Z,0.80,https://www.hesapmod.com/yasam-hesaplama/gunluk-kalori-ihtiyaci,sitemap:0.80; calculator-landing; category-boost:10; guide-support:3
201,wave_5,sitemap_monitor,105,calculator,Günlük Protein İhtiyacı Hesaplama,yasam-hesaplama,Yaşam,gunluk-protein-ihtiyaci-hesaplama,2026-03-15T00:00:00.000Z,0.80,https://www.hesapmod.com/yasam-hesaplama/gunluk-protein-ihtiyaci-hesaplama,sitemap:0.80; calculator-landing; category-boost:10; guide-support:3
202,wave_5,sitemap_monitor,105,calculator,Adet Günü Hesaplama,yasam-hesaplama,Yaşam,adet-gunu-hesaplama,2026-03-09T09:00:00.000Z,0.80,https://www.hesapmod.com/yasam-hesaplama/adet-gunu-hesaplama,sitemap:0.80; calculator-landing; category-boost:10; guide-support:3
203,wave_5,sitemap_monitor,105,calculator,Aşı Takvimi Hesaplama,yasam-hesaplama,Yaşam,asi-takvimi-hesaplama,2026-03-09T09:00:00.000Z,0.80,https://www.hesapmod.com/yasam-hesaplama/asi-takvimi-hesaplama,sitemap:0.80; calculator-landing; category-boost:10; guide-support:3
204,wave_5,sitemap_monitor,105,calculator,Bebek Boyu Hesaplama,yasam-hesaplama,Yaşam,bebek-boyu-hesaplama,2026-03-09T09:00:00.000Z,0.80,https://www.hesapmod.com/yasam-hesaplama/bebek-boyu-hesaplama,sitemap:0.80; calculator-landing; category-boost:10; guide-support:3
205,wave_5,sitemap_monitor,105,calculator,Bebek Kilosu Hesaplama,yasam-hesaplama,Yaşam,bebek-kilosu-hesaplama,2026-03-09T09:00:00.000Z,0.80,https://www.hesapmod.com/yasam-hesaplama/bebek-kilosu-hesaplama,sitemap:0.80; calculator-landing; category-boost:10; guide-support:3
206,wave_5,sitemap_monitor,105,calculator,Doğum İzni ve Rapor Parası Hesaplama,yasam-hesaplama,Yaşam,dogum-izni-hesaplama,2026-03-09T09:00:00.000Z,0.80,https://www.hesapmod.com/yasam-hesaplama/dogum-izni-hesaplama,sitemap:0.80; calculator-landing; category-boost:10; guide-support:3
207,wave_5,sitemap_monitor,105,calculator,Ebced Hesaplama,yasam-hesaplama,Yaşam,ebced-hesaplama,2026-03-09T09:00:00.000Z,0.80,https://www.hesapmod.com/yasam-hesaplama/ebced-hesaplama,sitemap:0.80; calculator-landing; category-boost:10; guide-support:3
208,wave_5,sitemap_monitor,105,calculator,Günlük Kreatin Dozu Hesaplama,yasam-hesaplama,Yaşam,gunluk-kreatin-dozu-hesaplama,2026-03-09T09:00:00.000Z,0.80,https://www.hesapmod.com/yasam-hesaplama/gunluk-kreatin-dozu-hesaplama,sitemap:0.80; calculator-landing; category-boost:10; guide-support:3
209,wave_5,sitemap_monitor,105,calculator,Kuşak Hesaplama,yasam-hesaplama,Yaşam,kusak-hesaplama,2026-03-09T09:00:00.000Z,0.80,https://www.hesapmod.com/yasam-hesaplama/kusak-hesaplama,sitemap:0.80; calculator-landing; category-boost:10; guide-support:3
210,wave_5,sitemap_monitor,105,calculator,Sigara Maliyeti Hesaplama,yasam-hesaplama,Yaşam,sigara-maliyeti-hesaplama,2026-03-09T09:00:00.000Z,0.80,https://www.hesapmod.com/yasam-hesaplama/sigara-maliyeti-hesaplama,sitemap:0.80; calculator-landing; category-boost:10; guide-support:3
211,wave_5,sitemap_monitor,105,calculator,Sütyen Bedeni Hesaplama,yasam-hesaplama,Yaşam,sutyen-bedeni-hesaplama,2026-03-09T09:00:00.000Z,0.80,https://www.hesapmod.com/yasam-hesaplama/sutyen-bedeni-hesaplama,sitemap:0.80; calculator-landing; category-boost:10; guide-support:3
212,wave_5,sitemap_monitor,104,calculator,Daire Alan & Çevre Hesaplama,matematik-hesaplama,Matematik,daire-alan-cevre,2026-05-02T09:00:00.000Z,0.80,https://www.hesapmod.com/matematik-hesaplama/daire-alan-cevre,sitemap:0.80; calculator-landing; category-boost:6
213,wave_5,sitemap_monitor,104,calculator,Dikdörtgen Alan & Çevre Hesaplama,matematik-hesaplama,Matematik,dikdortgen-alan-cevre,2026-05-02T09:00:00.000Z,0.80,https://www.hesapmod.com/matematik-hesaplama/dikdortgen-alan-cevre,sitemap:0.80; calculator-landing; category-boost:6
214,wave_5,sitemap_monitor,104,calculator,Faktöriyel Hesaplama,matematik-hesaplama,Matematik,faktoriyel-hesaplama,2026-05-02T09:00:00.000Z,0.80,https://www.hesapmod.com/matematik-hesaplama/faktoriyel-hesaplama,sitemap:0.80; calculator-landing; category-boost:6
215,wave_5,sitemap_monitor,104,calculator,"Kombinasyon, Permütasyon ve Faktöriyel",matematik-hesaplama,Matematik,kombinasyon-permutasyon-faktoriyel,2026-05-02T09:00:00.000Z,0.80,https://www.hesapmod.com/matematik-hesaplama/kombinasyon-permutasyon-faktoriyel,sitemap:0.80; calculator-landing; category-boost:6
216,wave_5,sitemap_monitor,104,calculator,Üçgen Alan & Çevre Hesaplama,matematik-hesaplama,Matematik,ucgen-hesaplama,2026-05-02T09:00:00.000Z,0.80,https://www.hesapmod.com/matematik-hesaplama/ucgen-hesaplama,sitemap:0.80; calculator-landing; category-boost:6
217,wave_5,sitemap_monitor,104,calculator,Üs/Kuvvet ve Karekök Hesaplama,matematik-hesaplama,Matematik,us-kuvvet-karekok,2026-05-02T09:00:00.000Z,0.80,https://www.hesapmod.com/matematik-hesaplama/us-kuvvet-karekok,sitemap:0.80; calculator-landing; category-boost:6
218,wave_5,sitemap_monitor,104,calculator,Denklem Çözücü,matematik-hesaplama,Matematik,denklem-cozucu,2026-05-02T00:00:00.000Z,0.80,https://www.hesapmod.com/matematik-hesaplama/denklem-cozucu,sitemap:0.80; calculator-landing; category-boost:6
219,wave_5,sitemap_monitor,104,calculator,Determinant Hesaplama,matematik-hesaplama,Matematik,determinant-hesaplama,2026-05-02T00:00:00.000Z,0.80,https://www.hesapmod.com/matematik-hesaplama/determinant-hesaplama,sitemap:0.80; calculator-landing; category-boost:6
220,wave_5,sitemap_monitor,104,calculator,Hacim Hesaplama,matematik-hesaplama,Matematik,hacim-hesaplama,2026-05-02T00:00:00.000Z,0.80,https://www.hesapmod.com/matematik-hesaplama/hacim-hesaplama,sitemap:0.80; calculator-landing; category-boost:6
221,wave_5,sitemap_monitor,104,calculator,İkinci Derece Denklem Hesaplama,matematik-hesaplama,Matematik,ikinci-derece-denklem,2026-05-02T00:00:00.000Z,0.80,https://www.hesapmod.com/matematik-hesaplama/ikinci-derece-denklem,sitemap:0.80; calculator-landing; category-boost:6
222,wave_5,sitemap_monitor,104,calculator,Kesir Hesaplama,matematik-hesaplama,Matematik,kesir-hesaplama,2026-05-02T00:00:00.000Z,0.80,https://www.hesapmod.com/matematik-hesaplama/kesir-hesaplama,sitemap:0.80; calculator-landing; category-boost:6
223,wave_5,sitemap_monitor,104,calculator,Kesir Sadeleştirme,matematik-hesaplama,Matematik,kesir-sadelestirme,2026-05-02T00:00:00.000Z,0.80,https://www.hesapmod.com/matematik-hesaplama/kesir-sadelestirme,sitemap:0.80; calculator-landing; category-boost:6
224,wave_5,sitemap_monitor,104,calculator,Kesir Toplama Çıkarma,matematik-hesaplama,Matematik,kesir-toplama-cikarma,2026-05-02T00:00:00.000Z,0.80,https://www.hesapmod.com/matematik-hesaplama/kesir-toplama-cikarma,sitemap:0.80; calculator-landing; category-boost:6
225,wave_5,sitemap_monitor,104,calculator,Küre Hacmi Hesaplama,matematik-hesaplama,Matematik,kure-hacmi,2026-05-02T00:00:00.000Z,0.80,https://www.hesapmod.com/matematik-hesaplama/kure-hacmi,sitemap:0.80; calculator-landing; category-boost:6
226,wave_5,sitemap_monitor,104,calculator,Logaritma Hesaplama,matematik-hesaplama,Matematik,logaritma-hesaplama,2026-05-02T00:00:00.000Z,0.80,https://www.hesapmod.com/matematik-hesaplama/logaritma-hesaplama,sitemap:0.80; calculator-landing; category-boost:6
227,wave_5,sitemap_monitor,104,calculator,Matris Hesaplama,matematik-hesaplama,Matematik,matris-hesaplama,2026-05-02T00:00:00.000Z,0.80,https://www.hesapmod.com/matematik-hesaplama/matris-hesaplama,sitemap:0.80; calculator-landing; category-boost:6
228,wave_5,sitemap_monitor,104,calculator,Oran Hesaplama,matematik-hesaplama,Matematik,oran-hesaplama,2026-05-02T00:00:00.000Z,0.80,https://www.hesapmod.com/matematik-hesaplama/oran-hesaplama,sitemap:0.80; calculator-landing; category-boost:6
229,wave_5,sitemap_monitor,104,calculator,Orantı Hesaplama,matematik-hesaplama,Matematik,oranti-hesaplama,2026-05-02T00:00:00.000Z,0.80,https://www.hesapmod.com/matematik-hesaplama/oranti-hesaplama,sitemap:0.80; calculator-landing; category-boost:6
230,wave_5,sitemap_monitor,104,calculator,Piramit Hacmi Hesaplama,matematik-hesaplama,Matematik,piramit-hacmi,2026-05-02T00:00:00.000Z,0.80,https://www.hesapmod.com/matematik-hesaplama/piramit-hacmi,sitemap:0.80; calculator-landing; category-boost:6
231,wave_5,sitemap_monitor,104,calculator,Polinom Hesaplama,matematik-hesaplama,Matematik,polinom-hesaplama,2026-05-02T00:00:00.000Z,0.80,https://www.hesapmod.com/matematik-hesaplama/polinom-hesaplama,sitemap:0.80; calculator-landing; category-boost:6
232,wave_5,sitemap_monitor,104,calculator,Rasyonel Sayı Hesaplama,matematik-hesaplama,Matematik,rasyonel-sayi-hesaplama,2026-05-02T00:00:00.000Z,0.80,https://www.hesapmod.com/matematik-hesaplama/rasyonel-sayi-hesaplama,sitemap:0.80; calculator-landing; category-boost:6
233,wave_5,sitemap_monitor,104,calculator,Sayı Tabanı Dönüştürme,matematik-hesaplama,Matematik,sayi-tabani-donusturme,2026-05-02T00:00:00.000Z,0.80,https://www.hesapmod.com/matematik-hesaplama/sayi-tabani-donusturme,sitemap:0.80; calculator-landing; category-boost:6
234,wave_5,sitemap_monitor,104,calculator,Silindir Hacmi Hesaplama,matematik-hesaplama,Matematik,silindir-hacmi,2026-05-02T00:00:00.000Z,0.80,https://www.hesapmod.com/matematik-hesaplama/silindir-hacmi,sitemap:0.80; calculator-landing; category-boost:6
235,wave_5,sitemap_monitor,104,calculator,Sin Cos Tan Hesaplama,matematik-hesaplama,Matematik,sin-cos-tan-hesaplama,2026-05-02T00:00:00.000Z,0.80,https://www.hesapmod.com/matematik-hesaplama/sin-cos-tan-hesaplama,sitemap:0.80; calculator-landing; category-boost:6
236,wave_5,sitemap_monitor,104,calculator,Standart Sapma Hesaplama,matematik-hesaplama,Matematik,standart-sapma,2026-05-02T00:00:00.000Z,0.80,https://www.hesapmod.com/matematik-hesaplama/standart-sapma,sitemap:0.80; calculator-landing; category-boost:6
237,wave_5,sitemap_monitor,104,calculator,Trigonometri Hesaplama,matematik-hesaplama,Matematik,trigonometri-hesaplama,2026-05-02T00:00:00.000Z,0.80,https://www.hesapmod.com/matematik-hesaplama/trigonometri-hesaplama,sitemap:0.80; calculator-landing; category-boost:6
238,wave_5,sitemap_monitor,104,calculator,Varyans Hesaplama,matematik-hesaplama,Matematik,varyans-hesaplama,2026-05-02T00:00:00.000Z,0.80,https://www.hesapmod.com/matematik-hesaplama/varyans-hesaplama,sitemap:0.80; calculator-landing; category-boost:6
239,wave_5,sitemap_monitor,104,calculator,Şafak Hesaplama,zaman-hesaplama,Zaman & Tarih,safak-hesaplama,2026-05-01T09:00:00.000Z,0.80,https://www.hesapmod.com/zaman-hesaplama/safak-hesaplama,sitemap:0.80; calculator-landing; category-boost:8
240,wave_5,sitemap_monitor,102,category,Diğer Kategori,diger,Diğer,diger,2026-05-02T09:00:00.000Z,0.80,https://www.hesapmod.com/kategori/diger,sitemap:0.80; category-hub
241,wave_5,sitemap_monitor,102,category,İnşaat & Mühendislik Kategori,insaat-muhendislik,İnşaat & Mühendislik,insaat-muhendislik,2026-05-02T09:00:00.000Z,0.80,https://www.hesapmod.com/kategori/insaat-muhendislik,sitemap:0.80; category-hub
242,wave_5,sitemap_monitor,102,calculator,Altın Oran Hesaplama,matematik-hesaplama,Matematik,altin-oran-hesaplama,2026-05-01T00:00:00.000Z,0.80,https://www.hesapmod.com/matematik-hesaplama/altin-oran-hesaplama,sitemap:0.80; calculator-landing; category-boost:6
243,wave_5,sitemap_monitor,101,calculator,Burç Hesaplama,astroloji,Astroloji,burc-hesaplama,2026-05-02T09:00:00.000Z,0.80,https://www.hesapmod.com/astroloji/burc-hesaplama,sitemap:0.80; calculator-landing; category-boost:3
244,wave_5,sitemap_monitor,101,calculator,Tapu Harcı Hesaplama,ticaret-ve-is,Ticaret & İş,tapu-harci-hesaplama,2026-04-27T00:00:00.000Z,0.80,https://www.hesapmod.com/ticaret-ve-is/tapu-harci-hesaplama,sitemap:0.80; calculator-landing; category-boost:7
245,wave_5,sitemap_monitor,101,calculator,İnşaat Maliyeti Hesaplama,ticaret-ve-is,Ticaret & İş,insaat-maliyeti-hesaplama,2026-04-13T00:00:00.000Z,0.80,https://www.hesapmod.com/ticaret-ve-is/insaat-maliyeti-hesaplama,sitemap:0.80; calculator-landing; category-boost:7
246,wave_5,sitemap_monitor,101,calculator,İndirim Hesaplama,ticaret-ve-is,Ticaret & İş,indirim-hesaplama,2026-04-11T00:00:00.000Z,0.80,https://www.hesapmod.com/ticaret-ve-is/indirim-hesaplama,sitemap:0.80; calculator-landing; category-boost:7
247,wave_5,sitemap_monitor,100,category,Muhasebe Kategori,muhasebe,Muhasebe,muhasebe,2026-05-01T09:00:00.000Z,0.80,https://www.hesapmod.com/kategori/muhasebe,sitemap:0.80; category-hub
248,wave_5,sitemap_monitor,100,calculator,Yüzde Hesaplama,matematik-hesaplama,Matematik,yuzde-hesaplama,2026-04-11T00:00:00.000Z,0.80,https://www.hesapmod.com/matematik-hesaplama/yuzde-hesaplama,sitemap:0.80; calculator-landing; category-boost:6
249,wave_5,sitemap_monitor,100,calculator,Ay Evresi Hesaplama ve Takvimi (Bugün Ay Hangi Evrede?),zaman-hesaplama,Zaman & Tarih,ay-evresi-hesaplama,2026-03-28T09:00:00.000Z,0.80,https://www.hesapmod.com/zaman-hesaplama/ay-evresi-hesaplama,sitemap:0.80; calculator-landing; category-boost:8
250,wave_5,sitemap_monitor,100,calculator,İki Tarih Arasındaki Hafta Sayısı Hesaplama,zaman-hesaplama,Zaman & Tarih,iki-tarih-arasindaki-hafta-sayisi-hesaplama,2026-03-18T00:00:00.000Z,0.80,https://www.hesapmod.com/zaman-hesaplama/iki-tarih-arasindaki-hafta-sayisi-hesaplama,sitemap:0.80; calculator-landing; category-boost:8
251,wave_5,sitemap_monitor,100,calculator,Kaç Gün Kaldı Hesaplama,zaman-hesaplama,Zaman & Tarih,kac-gun-kaldi-hesaplama,2026-03-15T00:00:00.000Z,0.80,https://www.hesapmod.com/zaman-hesaplama/kac-gun-kaldi-hesaplama,sitemap:0.80; calculator-landing; category-boost:8
252,wave_5,sitemap_monitor,100,calculator,Bayram Namazı Saati Hesaplama,zaman-hesaplama,Zaman & Tarih,bayram-namazi-saati-hesaplama,2026-03-09T09:00:00.000Z,0.80,https://www.hesapmod.com/zaman-hesaplama/bayram-namazi-saati-hesaplama,sitemap:0.80; calculator-landing; category-boost:8
253,wave_5,sitemap_monitor,100,calculator,Birim Dönüştürücü (Uzunluk),zaman-hesaplama,Zaman & Tarih,birim-donusturucu,2026-03-09T09:00:00.000Z,0.80,https://www.hesapmod.com/zaman-hesaplama/birim-donusturucu,sitemap:0.80; calculator-landing; category-boost:8
254,wave_5,sitemap_monitor,100,calculator,Cuma Namazı Saati Hesaplama,zaman-hesaplama,Zaman & Tarih,cuma-namazi-saati-hesaplama,2026-03-09T09:00:00.000Z,0.80,https://www.hesapmod.com/zaman-hesaplama/cuma-namazi-saati-hesaplama,sitemap:0.80; calculator-landing; category-boost:8
255,wave_5,sitemap_monitor,100,calculator,Doğuma Kalan Gün,zaman-hesaplama,Zaman & Tarih,doguma-kalan-gun,2026-03-09T09:00:00.000Z,0.80,https://www.hesapmod.com/zaman-hesaplama/doguma-kalan-gun,sitemap:0.80; calculator-landing; category-boost:8
256,wave_5,sitemap_monitor,100,calculator,Gün Batımı Hesaplama,zaman-hesaplama,Zaman & Tarih,gun-batimi-hesaplama,2026-03-09T09:00:00.000Z,0.80,https://www.hesapmod.com/zaman-hesaplama/gun-batimi-hesaplama,sitemap:0.80; calculator-landing; category-boost:8
257,wave_5,sitemap_monitor,100,calculator,Gün Doğumu Hesaplama,zaman-hesaplama,Zaman & Tarih,gun-dogumu-hesaplama,2026-03-09T09:00:00.000Z,0.80,https://www.hesapmod.com/zaman-hesaplama/gun-dogumu-hesaplama,sitemap:0.80; calculator-landing; category-boost:8
258,wave_5,sitemap_monitor,100,calculator,Hangi Gün Hesaplama,zaman-hesaplama,Zaman & Tarih,hangi-gun-hesaplama,2026-03-09T09:00:00.000Z,0.80,https://www.hesapmod.com/zaman-hesaplama/hangi-gun-hesaplama,sitemap:0.80; calculator-landing; category-boost:8
259,wave_5,sitemap_monitor,100,calculator,Hicri Takvim Hesaplama,zaman-hesaplama,Zaman & Tarih,hicri-takvim-hesaplama,2026-03-09T09:00:00.000Z,0.80,https://www.hesapmod.com/zaman-hesaplama/hicri-takvim-hesaplama,sitemap:0.80; calculator-landing; category-boost:8
260,wave_5,sitemap_monitor,100,calculator,İş Günü Hesaplama,zaman-hesaplama,Zaman & Tarih,is-gunu-hesaplama,2026-03-09T09:00:00.000Z,0.80,https://www.hesapmod.com/zaman-hesaplama/is-gunu-hesaplama,sitemap:0.80; calculator-landing; category-boost:8
261,wave_5,sitemap_monitor,100,calculator,Kaç Gün Oldu Hesaplama,zaman-hesaplama,Zaman & Tarih,kac-gun-oldu-hesaplama,2026-03-09T09:00:00.000Z,0.80,https://www.hesapmod.com/zaman-hesaplama/kac-gun-oldu-hesaplama,sitemap:0.80; calculator-landing; category-boost:8
262,wave_5,sitemap_monitor,100,calculator,Ramazanın Kaçıncı Günü Hesaplama,zaman-hesaplama,Zaman & Tarih,ramazanin-kacinci-gunu-hesaplama,2026-03-09T09:00:00.000Z,0.80,https://www.hesapmod.com/zaman-hesaplama/ramazanin-kacinci-gunu-hesaplama,sitemap:0.80; calculator-landing; category-boost:8
263,wave_5,sitemap_monitor,100,calculator,Saat Kaç Hesaplama,zaman-hesaplama,Zaman & Tarih,saat-kac-hesaplama,2026-03-09T09:00:00.000Z,0.80,https://www.hesapmod.com/zaman-hesaplama/saat-kac-hesaplama,sitemap:0.80; calculator-landing; category-boost:8
264,wave_5,sitemap_monitor,100,calculator,Tarih Hesaplama,zaman-hesaplama,Zaman & Tarih,tarih-hesaplama,2026-03-09T09:00:00.000Z,0.80,https://www.hesapmod.com/zaman-hesaplama/tarih-hesaplama,sitemap:0.80; calculator-landing; category-boost:8
265,wave_5,sitemap_monitor,100,calculator,Vade Hesaplama,zaman-hesaplama,Zaman & Tarih,vade-hesaplama,2026-03-09T09:00:00.000Z,0.80,https://www.hesapmod.com/zaman-hesaplama/vade-hesaplama,sitemap:0.80; calculator-landing; category-boost:8
266,wave_5,sitemap_monitor,100,calculator,Yılın Kaçıncı Günü Hesaplama,zaman-hesaplama,Zaman & Tarih,yilin-kacinci-gunu-hesaplama,2026-03-09T09:00:00.000Z,0.80,https://www.hesapmod.com/zaman-hesaplama/yilin-kacinci-gunu-hesaplama,sitemap:0.80; calculator-landing; category-boost:8
267,wave_5,sitemap_monitor,100,calculator,Zaman Birimleri Dönüştürücü,zaman-hesaplama,Zaman & Tarih,zaman-birimleri-donusturucu,2026-03-09T09:00:00.000Z,0.80,https://www.hesapmod.com/zaman-hesaplama/zaman-birimleri-donusturucu,sitemap:0.80; calculator-landing; category-boost:8
268,wave_5,sitemap_monitor,99,calculator,Fiyat Hesaplama,ticaret-ve-is,Ticaret & İş,fiyat-hesaplama,2026-03-14T00:00:00.000Z,0.80,https://www.hesapmod.com/ticaret-ve-is/fiyat-hesaplama,sitemap:0.80; calculator-landing; category-boost:7
269,wave_5,sitemap_monitor,99,calculator,Kâr Hesaplama,ticaret-ve-is,Ticaret & İş,kar-hesaplama,2026-03-14T00:00:00.000Z,0.80,https://www.hesapmod.com/ticaret-ve-is/kar-hesaplama,sitemap:0.80; calculator-landing; category-boost:7
270,wave_5,sitemap_monitor,99,calculator,Ortalama Maliyet Hesaplama,ticaret-ve-is,Ticaret & İş,ortalama-maliyet-hesaplama,2026-03-14T00:00:00.000Z,0.80,https://www.hesapmod.com/ticaret-ve-is/ortalama-maliyet-hesaplama,sitemap:0.80; calculator-landing; category-boost:7
271,wave_5,sitemap_monitor,99,calculator,Zam Hesaplama,ticaret-ve-is,Ticaret & İş,zam-hesaplama,2026-03-14T00:00:00.000Z,0.80,https://www.hesapmod.com/ticaret-ve-is/zam-hesaplama,sitemap:0.80; calculator-landing; category-boost:7
272,wave_5,sitemap_monitor,99,calculator,Zarar Hesaplama,ticaret-ve-is,Ticaret & İş,zarar-hesaplama,2026-03-14T00:00:00.000Z,0.80,https://www.hesapmod.com/ticaret-ve-is/zarar-hesaplama,sitemap:0.80; calculator-landing; category-boost:7
273,wave_5,sitemap_monitor,99,calculator,Arsa Payı Hesaplama,ticaret-ve-is,Ticaret & İş,arsa-payi-hesaplama,2026-03-09T09:00:00.000Z,0.80,https://www.hesapmod.com/ticaret-ve-is/arsa-payi-hesaplama,sitemap:0.80; calculator-landing; category-boost:7
274,wave_5,sitemap_monitor,99,calculator,Desi Hesaplama,ticaret-ve-is,Ticaret & İş,desi-hesaplama,2026-03-09T09:00:00.000Z,0.80,https://www.hesapmod.com/ticaret-ve-is/desi-hesaplama,sitemap:0.80; calculator-landing; category-boost:7
275,wave_5,sitemap_monitor,99,calculator,İnşaat Alanı Hesaplama,ticaret-ve-is,Ticaret & İş,insaat-alani-hesaplama,2026-03-09T09:00:00.000Z,0.80,https://www.hesapmod.com/ticaret-ve-is/insaat-alani-hesaplama,sitemap:0.80; calculator-landing; category-boost:7
276,wave_5,sitemap_monitor,99,calculator,Kargo Ücreti Hesaplama,ticaret-ve-is,Ticaret & İş,kargo-ucreti-hesaplama,2026-03-09T09:00:00.000Z,0.80,https://www.hesapmod.com/ticaret-ve-is/kargo-ucreti-hesaplama,sitemap:0.80; calculator-landing; category-boost:7
277,wave_5,sitemap_monitor,98,calculator,Alçı Hesaplama,insaat-muhendislik,İnşaat & Mühendislik,alci-hesaplama,2026-05-02T00:00:00.000Z,0.80,https://www.hesapmod.com/insaat-muhendislik/alci-hesaplama,sitemap:0.80; calculator-landing
278,wave_5,sitemap_monitor,98,calculator,Beton Hesaplama,insaat-muhendislik,İnşaat & Mühendislik,beton-hesaplama,2026-05-02T00:00:00.000Z,0.80,https://www.hesapmod.com/insaat-muhendislik/beton-hesaplama,sitemap:0.80; calculator-landing
279,wave_5,sitemap_monitor,98,calculator,Boya Hesaplama,insaat-muhendislik,İnşaat & Mühendislik,boya-hesaplama,2026-05-02T00:00:00.000Z,0.80,https://www.hesapmod.com/insaat-muhendislik/boya-hesaplama,sitemap:0.80; calculator-landing
280,wave_5,sitemap_monitor,98,calculator,Çatı Alan Hesaplama,insaat-muhendislik,İnşaat & Mühendislik,cati-alan-hesaplama,2026-05-02T00:00:00.000Z,0.80,https://www.hesapmod.com/insaat-muhendislik/cati-alan-hesaplama,sitemap:0.80; calculator-landing
281,wave_5,sitemap_monitor,98,calculator,Çimento Hesaplama,insaat-muhendislik,İnşaat & Mühendislik,cimento-hesaplama,2026-05-02T00:00:00.000Z,0.80,https://www.hesapmod.com/insaat-muhendislik/cimento-hesaplama,sitemap:0.80; calculator-landing
282,wave_5,sitemap_monitor,98,calculator,Demir Hesaplama,insaat-muhendislik,İnşaat & Mühendislik,demir-hesaplama,2026-05-02T00:00:00.000Z,0.80,https://www.hesapmod.com/insaat-muhendislik/demir-hesaplama,sitemap:0.80; calculator-landing
283,wave_5,sitemap_monitor,98,calculator,Elektrik Kablo Hesaplama,insaat-muhendislik,İnşaat & Mühendislik,elektrik-kablo-hesaplama,2026-05-02T00:00:00.000Z,0.80,https://www.hesapmod.com/insaat-muhendislik/elektrik-kablo-hesaplama,sitemap:0.80; calculator-landing
284,wave_5,sitemap_monitor,98,calculator,Enerji Tüketim Hesaplama,insaat-muhendislik,İnşaat & Mühendislik,enerji-tuketim-hesaplama,2026-05-02T00:00:00.000Z,0.80,https://www.hesapmod.com/insaat-muhendislik/enerji-tuketim-hesaplama,sitemap:0.80; calculator-landing
285,wave_5,sitemap_monitor,98,calculator,Güneş Paneli Hesaplama,insaat-muhendislik,İnşaat & Mühendislik,gunes-paneli-hesaplama,2026-05-02T00:00:00.000Z,0.80,https://www.hesapmod.com/insaat-muhendislik/gunes-paneli-hesaplama,sitemap:0.80; calculator-landing
286,wave_5,sitemap_monitor,98,calculator,Hafriyat Hesaplama,insaat-muhendislik,İnşaat & Mühendislik,hafriyat-hesaplama,2026-05-02T00:00:00.000Z,0.80,https://www.hesapmod.com/insaat-muhendislik/hafriyat-hesaplama,sitemap:0.80; calculator-landing
287,wave_5,sitemap_monitor,98,calculator,Isı Kaybı Hesaplama,insaat-muhendislik,İnşaat & Mühendislik,isi-kaybi-hesaplama,2026-05-02T00:00:00.000Z,0.80,https://www.hesapmod.com/insaat-muhendislik/isi-kaybi-hesaplama,sitemap:0.80; calculator-landing
288,wave_5,sitemap_monitor,98,calculator,Jeneratör Güç Hesaplama,insaat-muhendislik,İnşaat & Mühendislik,jenerator-guc-hesaplama,2026-05-02T00:00:00.000Z,0.80,https://www.hesapmod.com/insaat-muhendislik/jenerator-guc-hesaplama,sitemap:0.80; calculator-landing
289,wave_5,sitemap_monitor,98,calculator,Kum Hesaplama,insaat-muhendislik,İnşaat & Mühendislik,kum-hesaplama,2026-05-02T00:00:00.000Z,0.80,https://www.hesapmod.com/insaat-muhendislik/kum-hesaplama,sitemap:0.80; calculator-landing
290,wave_5,sitemap_monitor,98,calculator,Merdiven Hesaplama,insaat-muhendislik,İnşaat & Mühendislik,merdiven-hesaplama,2026-05-02T00:00:00.000Z,0.80,https://www.hesapmod.com/insaat-muhendislik/merdiven-hesaplama,sitemap:0.80; calculator-landing
291,wave_5,sitemap_monitor,98,calculator,Metreküp Hesaplama,insaat-muhendislik,İnşaat & Mühendislik,metrekup-hesaplama,2026-05-02T00:00:00.000Z,0.80,https://www.hesapmod.com/insaat-muhendislik/metrekup-hesaplama,sitemap:0.80; calculator-landing
292,wave_5,sitemap_monitor,98,calculator,Parke Hesaplama,insaat-muhendislik,İnşaat & Mühendislik,parke-hesaplama,2026-05-02T00:00:00.000Z,0.80,https://www.hesapmod.com/insaat-muhendislik/parke-hesaplama,sitemap:0.80; calculator-landing
293,wave_5,sitemap_monitor,98,calculator,Seramik Hesaplama,insaat-muhendislik,İnşaat & Mühendislik,seramik-hesaplama,2026-05-02T00:00:00.000Z,0.80,https://www.hesapmod.com/insaat-muhendislik/seramik-hesaplama,sitemap:0.80; calculator-landing
294,wave_5,sitemap_monitor,98,calculator,Sıva Hesaplama,insaat-muhendislik,İnşaat & Mühendislik,siva-hesaplama,2026-05-02T00:00:00.000Z,0.80,https://www.hesapmod.com/insaat-muhendislik/siva-hesaplama,sitemap:0.80; calculator-landing
295,wave_5,sitemap_monitor,98,calculator,Su Tesisat Hesaplama,insaat-muhendislik,İnşaat & Mühendislik,su-tesisat-hesaplama,2026-05-02T00:00:00.000Z,0.80,https://www.hesapmod.com/insaat-muhendislik/su-tesisat-hesaplama,sitemap:0.80; calculator-landing
296,wave_5,sitemap_monitor,98,calculator,Tuğla Hesaplama,insaat-muhendislik,İnşaat & Mühendislik,tugla-hesaplama,2026-05-02T00:00:00.000Z,0.80,https://www.hesapmod.com/insaat-muhendislik/tugla-hesaplama,sitemap:0.80; calculator-landing
297,wave_5,sitemap_monitor,98,category,Sigorta Kategori,sigorta,Sigorta,sigorta,2026-04-27T09:00:00.000Z,0.80,https://www.hesapmod.com/kategori/sigorta,sitemap:0.80; category-hub
298,wave_5,sitemap_monitor,98,category,Hukuk Kategori,hukuk,Hukuk,hukuk,2026-04-14T09:00:00.000Z,0.80,https://www.hesapmod.com/kategori/hukuk,sitemap:0.80; category-hub
299,wave_5,sitemap_monitor,98,category,Seyahat Kategori,seyahat,Seyahat,seyahat,2026-04-12T09:00:00.000Z,0.80,https://www.hesapmod.com/kategori/seyahat,sitemap:0.80; category-hub
300,wave_5,sitemap_monitor,98,calculator,Alan Hesaplama,matematik-hesaplama,Matematik,alan-hesaplama,2026-03-16T00:00:00.000Z,0.80,https://www.hesapmod.com/matematik-hesaplama/alan-hesaplama,sitemap:0.80; calculator-landing; category-boost:6
301,wave_5,sitemap_monitor,98,calculator,Çevre Hesaplama,matematik-hesaplama,Matematik,cevre-hesaplama,2026-03-16T00:00:00.000Z,0.80,https://www.hesapmod.com/matematik-hesaplama/cevre-hesaplama,sitemap:0.80; calculator-landing; category-boost:6
302,wave_5,sitemap_monitor,98,calculator,EBOB EKOK Hesaplama,matematik-hesaplama,Matematik,ebob-ekok-hesaplama,2026-03-16T00:00:00.000Z,0.80,https://www.hesapmod.com/matematik-hesaplama/ebob-ekok-hesaplama,sitemap:0.80; calculator-landing; category-boost:6
303,wave_5,sitemap_monitor,98,calculator,Ortalama Hesaplama,matematik-hesaplama,Matematik,ortalama-hesaplama,2026-03-16T00:00:00.000Z,0.80,https://www.hesapmod.com/matematik-hesaplama/ortalama-hesaplama,sitemap:0.80; calculator-landing; category-boost:6
304,wave_5,sitemap_monitor,98,calculator,Asal Çarpan Hesaplama,matematik-hesaplama,Matematik,asal-carpan-hesaplama,2026-03-09T09:00:00.000Z,0.80,https://www.hesapmod.com/matematik-hesaplama/asal-carpan-hesaplama,sitemap:0.80; calculator-landing; category-boost:6
305,wave_5,sitemap_monitor,97,calculator,Yıllık İzin Ücreti Hesaplama,muhasebe,Muhasebe,yillik-izin-ucreti-hesaplama,2026-04-13T00:00:00.000Z,0.80,https://www.hesapmod.com/muhasebe/yillik-izin-ucreti-hesaplama,sitemap:0.80; calculator-landing; guide-support:3
306,wave_5,sitemap_monitor,95,calculator,Yükselen Burç Hesaplama,astroloji,Astroloji,yukselen-burc-hesaplama,2026-03-09T09:00:00.000Z,0.80,https://www.hesapmod.com/astroloji/yukselen-burc-hesaplama,sitemap:0.80; calculator-landing; category-boost:3
307,wave_5,sitemap_monitor,94,calculator,Kasko Değeri Hesaplama,sigorta,Sigorta,kasko-degeri-hesaplama,2026-04-27T00:00:00.000Z,0.80,https://www.hesapmod.com/sigorta/kasko-degeri-hesaplama,sitemap:0.80; calculator-landing
308,wave_5,sitemap_monitor,94,calculator,Trafik Sigortası Hesaplama,sigorta,Sigorta,trafik-sigortasi-hesaplama,2026-04-27T00:00:00.000Z,0.80,https://www.hesapmod.com/sigorta/trafik-sigortasi-hesaplama,sitemap:0.80; calculator-landing
309,wave_5,sitemap_monitor,94,calculator,Arabuluculuk Ücreti Hesaplama,hukuk,Hukuk,arabuluculuk-ucreti-hesaplama,2026-04-14T00:00:00.000Z,0.80,https://www.hesapmod.com/hukuk/arabuluculuk-ucreti-hesaplama,sitemap:0.80; calculator-landing
310,wave_5,sitemap_monitor,94,calculator,Amortisman Hesaplama,muhasebe,Muhasebe,amortisman-hesaplama,2026-04-14T00:00:00.000Z,0.80,https://www.hesapmod.com/muhasebe/amortisman-hesaplama,sitemap:0.80; calculator-landing
311,wave_5,sitemap_monitor,94,calculator,Binek Araç Gider Kısıtlaması Hesaplama,muhasebe,Muhasebe,binek-arac-gider-kisitlamasi-hesaplama,2026-04-14T00:00:00.000Z,0.80,https://www.hesapmod.com/muhasebe/binek-arac-gider-kisitlamasi-hesaplama,sitemap:0.80; calculator-landing
312,wave_5,sitemap_monitor,94,calculator,DASK Sigortası Hesaplama,sigorta,Sigorta,dask-sigortasi-hesaplama,2026-04-14T00:00:00.000Z,0.80,https://www.hesapmod.com/sigorta/dask-sigortasi-hesaplama,sitemap:0.80; calculator-landing
313,wave_5,sitemap_monitor,94,calculator,Kısa Çalışma Ödeneği Hesaplama,muhasebe,Muhasebe,kisa-calisma-odenegi-hesaplama,2026-04-13T00:00:00.000Z,0.80,https://www.hesapmod.com/muhasebe/kisa-calisma-odenegi-hesaplama,sitemap:0.80; calculator-landing
314,wave_5,sitemap_monitor,94,calculator,Araç Değer Kaybı Hesaplama,sigorta,Sigorta,arac-deger-kaybi-hesaplama,2026-04-13T00:00:00.000Z,0.80,https://www.hesapmod.com/sigorta/arac-deger-kaybi-hesaplama,sitemap:0.80; calculator-landing
315,wave_5,sitemap_monitor,94,calculator,Klima BTU Hesaplama,diger,Diğer,klima-btu-hesaplama,2026-04-12T00:00:00.000Z,0.80,https://www.hesapmod.com/diger/klima-btu-hesaplama,sitemap:0.80; calculator-landing
316,wave_5,sitemap_monitor,94,calculator,Zekat Hesaplama,diger,Diğer,zekat-hesaplama,2026-04-12T00:00:00.000Z,0.80,https://www.hesapmod.com/diger/zekat-hesaplama,sitemap:0.80; calculator-landing
317,wave_5,sitemap_monitor,94,calculator,Hukuki Süre Hesaplama,hukuk,Hukuk,hukuki-sure-hesaplama,2026-04-12T00:00:00.000Z,0.80,https://www.hesapmod.com/hukuk/hukuki-sure-hesaplama,sitemap:0.80; calculator-landing
318,wave_5,sitemap_monitor,94,calculator,İcra Masrafı Hesaplama,hukuk,Hukuk,icra-masrafi-hesaplama,2026-04-12T00:00:00.000Z,0.80,https://www.hesapmod.com/hukuk/icra-masrafi-hesaplama,sitemap:0.80; calculator-landing
319,wave_5,sitemap_monitor,94,calculator,Uzlaştırmacı Ücreti Hesaplama,hukuk,Hukuk,uzlastirmaci-ucreti-hesaplama,2026-04-12T00:00:00.000Z,0.80,https://www.hesapmod.com/hukuk/uzlastirmaci-ucreti-hesaplama,sitemap:0.80; calculator-landing
320,wave_5,sitemap_monitor,94,calculator,Vekâlet Ücreti Hesaplama,hukuk,Hukuk,vekalet-ucreti-hesaplama,2026-04-12T00:00:00.000Z,0.80,https://www.hesapmod.com/hukuk/vekalet-ucreti-hesaplama,sitemap:0.80; calculator-landing
321,wave_5,sitemap_monitor,94,calculator,Emeklilik Hesaplama,muhasebe,Muhasebe,emeklilik-hesaplama,2026-04-12T00:00:00.000Z,0.80,https://www.hesapmod.com/muhasebe/emeklilik-hesaplama,sitemap:0.80; calculator-landing
322,wave_5,sitemap_monitor,94,calculator,Serbest Meslek Makbuzu Hesaplama,muhasebe,Muhasebe,serbest-meslek-makbuzu-hesaplama,2026-04-12T00:00:00.000Z,0.80,https://www.hesapmod.com/muhasebe/serbest-meslek-makbuzu-hesaplama,sitemap:0.80; calculator-landing
323,wave_5,sitemap_monitor,94,calculator,İller Arası Mesafe ve Süre Hesaplama,seyahat,Seyahat,iller-arasi-mesafe-hesaplama,2026-04-12T00:00:00.000Z,0.80,https://www.hesapmod.com/seyahat/iller-arasi-mesafe-hesaplama,sitemap:0.80; calculator-landing
324,wave_5,sitemap_monitor,94,calculator,Taksi Ücreti Hesaplama,seyahat,Seyahat,taksi-ucreti-hesaplama,2026-04-12T00:00:00.000Z,0.80,https://www.hesapmod.com/seyahat/taksi-ucreti-hesaplama,sitemap:0.80; calculator-landing
325,wave_5,sitemap_monitor,84,guide,"2026 Eurobond Vergi Hesaplama Rehberi: Hazine Eurobondu, Stopaj ve Özel Sektör Kesintileri",finansal-hesaplamalar,Finans,eurobond-vergi-hesaplama-2026,2026-03-15T00:00:00.000Z,0.50,https://www.hesapmod.com/rehber/eurobond-vergi-hesaplama-2026,sitemap:0.50; editorial-support; category-boost:16; calc-support:8
326,wave_5,sitemap_monitor,84,guide,"Eurobond Getirisi Nasıl Hesaplanır? Kupon, İskonto ve Vadeye Kadar Getiri Rehberi",finansal-hesaplamalar,Finans,eurobond-getirisi-nasil-hesaplanir,2026-03-08T00:00:00.000Z,0.50,https://www.hesapmod.com/rehber/eurobond-getirisi-nasil-hesaplanir,sitemap:0.50; editorial-support; category-boost:16; calc-support:8
327,wave_5,sitemap_monitor,84,guide,"2026 Kredi Faizi ve Aylık Taksit Rehberi: İhtiyaç, Konut ve Toplam Maliyet",finansal-hesaplamalar,Finans,kredi-faizi-ve-aylik-taksit-rehberi,2026-03-08T00:00:00.000Z,0.50,https://www.hesapmod.com/rehber/kredi-faizi-ve-aylik-taksit-rehberi,sitemap:0.50; editorial-support; category-boost:16; calc-support:8
328,wave_5,sitemap_monitor,84,guide,"Mevduat Faizi, Enflasyon ve Reel Getiri Rehberi: 2026'da Net Kazanç Nasıl Okunur?",finansal-hesaplamalar,Finans,mevduat-faizi-enflasyon-ve-reel-getiri-rehberi,2026-03-08T00:00:00.000Z,0.50,https://www.hesapmod.com/rehber/mevduat-faizi-enflasyon-ve-reel-getiri-rehberi,sitemap:0.50; editorial-support; category-boost:16; calc-support:8
329,wave_5,sitemap_monitor,83,guide,"2026 Vergi Hesaplama Rehberi: Gelir, KDV, Kira ve Emlak Vergisini Nasıl Okumalı?",maas-ve-vergi,Maaş & Vergi,vergi-hesaplama-rehberi-2026,2026-03-08T00:00:00.000Z,0.50,https://www.hesapmod.com/rehber/vergi-hesaplama-rehberi-2026,sitemap:0.50; editorial-support; category-boost:15; calc-support:8
330,wave_5,sitemap_monitor,82,guide,2026 Kira Artış Oranı ve TÜFE Rehberi: Ev Sahibi ve Kiracı İçin Pratik Hesap,finansal-hesaplamalar,Finans,kira-artis-orani-ve-tufe-rehberi,2026-03-27T00:00:00.000Z,0.50,https://www.hesapmod.com/rehber/kira-artis-orani-ve-tufe-rehberi,sitemap:0.50; editorial-support; category-boost:16; calc-support:6
331,wave_5,sitemap_monitor,82,guide,"Kredi Kartı Faizi, Asgari Ödeme ve Yapılandırma Rehberi: Borcu Büyütmeden Ne Yapmalı?",finansal-hesaplamalar,Finans,kredi-karti-faizi-asgari-odeme-ve-yapilandirma-rehberi,2026-03-08T00:00:00.000Z,0.50,https://www.hesapmod.com/rehber/kredi-karti-faizi-asgari-odeme-ve-yapilandirma-rehberi,sitemap:0.50; editorial-support; category-boost:16; calc-support:6
332,wave_5,sitemap_monitor,81,guide,2026 Araç Vergileri Rehberi: MTV ve ÖTV Hesabı Nasıl Yorumlanır?,tasit-ve-vergi,Taşıt & Vergi,arac-vergileri-mtv-otv-rehberi-2026,2026-03-27T00:00:00.000Z,0.50,https://www.hesapmod.com/rehber/arac-vergileri-mtv-otv-rehberi-2026,sitemap:0.50; editorial-support; category-boost:13; calc-support:8
333,wave_5,sitemap_monitor,81,guide,"Brüt Maaş ile Net Maaş Arasındaki Fark: SGK, Gelir Vergisi ve Damga Vergisi",maas-ve-vergi,Maaş & Vergi,brut-net-maas-farki,2026-03-27T00:00:00.000Z,0.50,https://www.hesapmod.com/rehber/brut-net-maas-farki,sitemap:0.50; editorial-support; category-boost:15; calc-support:6
334,wave_5,sitemap_monitor,81,guide,"2026 Kıdem Tazminatı Hesaplama Rehberi: Tavan, Formül ve Örnekler",maas-ve-vergi,Maaş & Vergi,kidem-tazminati-hesaplama-rehberi,2026-03-27T00:00:00.000Z,0.50,https://www.hesapmod.com/rehber/kidem-tazminati-hesaplama-rehberi,sitemap:0.50; editorial-support; category-boost:15; calc-support:6
335,wave_5,sitemap_monitor,80,guide,"2026 Okula Giriş Sınav Rehberi: LGS, DGS, YDS ve Özel Sınavlar",sinav-hesaplamalari,Sınav,okul-giris-sinav-rehberi-2026,2026-03-31T00:00:00.000Z,0.50,https://www.hesapmod.com/rehber/okul-giris-sinav-rehberi-2026,sitemap:0.50; editorial-support; category-boost:12; calc-support:8
336,wave_5,sitemap_monitor,80,guide,"2026 Sınav Puanları Rehberi: YKS, TYT, KPSS ve ALES Nasıl Hesaplanır?",sinav-hesaplamalari,Sınav,sinav-puanlari-rehberi-2026,2026-03-31T00:00:00.000Z,0.50,https://www.hesapmod.com/rehber/sinav-puanlari-rehberi-2026,sitemap:0.50; editorial-support; category-boost:12; calc-support:8
337,wave_5,sitemap_monitor,79,guide,İhbar Tazminatı Nedir? 2026 Hesaplama Formülü ve Örnek,maas-ve-vergi,Maaş & Vergi,ihbar-tazminati-nedir-nasil-hesaplanir,2026-03-07T00:00:00.000Z,0.50,https://www.hesapmod.com/rehber/ihbar-tazminati-nedir-nasil-hesaplanir,sitemap:0.50; editorial-support; category-boost:15; calc-support:4
338,wave_5,sitemap_monitor,79,guide,2026 İşsizlik Maaşı Ne Kadar? Başvuru Şartları ve Hesaplama,maas-ve-vergi,Maaş & Vergi,issizlik-maasi-ne-kadar-2026,2026-03-07T00:00:00.000Z,0.50,https://www.hesapmod.com/rehber/issizlik-maasi-ne-kadar-2026,sitemap:0.50; editorial-support; category-boost:15; calc-support:4
339,wave_5,sitemap_monitor,79,guide,2026 Yıllık İzin Hakkı: Kaç Gün İzin Kullanırsınız? Hesaplama Rehberi,maas-ve-vergi,Maaş & Vergi,yillik-izin-hakki-rehberi,2026-03-07T00:00:00.000Z,0.50,https://www.hesapmod.com/rehber/yillik-izin-hakki-rehberi,sitemap:0.50; editorial-support; category-boost:15; calc-support:4
340,wave_5,sitemap_monitor,78,guide,"2026 VKİ, Kalori ve Beslenme Hesapları Rehberi: İdeal Kilo, BMR ve Makro",yasam-hesaplama,Yaşam,vki-kalori-saglik-hesaplama-rehberi-2026,2026-03-08T00:00:00.000Z,0.50,https://www.hesapmod.com/rehber/vki-kalori-saglik-hesaplama-rehberi-2026,sitemap:0.50; editorial-support; category-boost:10; calc-support:8
341,wave_5,sitemap_monitor,68,guide_hub,Rehber,,,,2026-03-31T00:00:00.000Z,0.50,https://www.hesapmod.com/rehber,sitemap:0.50; guide-hub
342,defer,sitemap_only,60,static,gayrimenkul-deger-hesaplama,,,gayrimenkul-deger-hesaplama,2026-05-01T09:00:00.000Z,0.80,https://www.hesapmod.com/gayrimenkul-deger-hesaplama,sitemap:0.80; support-page
343,defer,sitemap_only,55,static,en math-calculator percentage-calculator,,,percentage-calculator,2026-05-02T09:00:00.000Z,0.75,https://www.hesapmod.com/en/math-calculator/percentage-calculator,sitemap:0.75; support-page
344,defer,sitemap_only,55,static,en time-calculator age-calculator,,,age-calculator,2026-04-11T09:00:00.000Z,0.75,https://www.hesapmod.com/en/time-calculator/age-calculator,sitemap:0.75; support-page
345,defer,sitemap_only,55,static,en health-calculator bmi-calculator,,,bmi-calculator,2026-03-15T09:00:00.000Z,0.75,https://www.hesapmod.com/en/health-calculator/bmi-calculator,sitemap:0.75; support-page
346,defer,sitemap_only,50,static,en,,,en,2026-05-02T09:00:00.000Z,0.70,https://www.hesapmod.com/en,sitemap:0.70; support-page
347,defer,sitemap_only,50,static,en health-calculator,,,health-calculator,2026-05-02T09:00:00.000Z,0.70,https://www.hesapmod.com/en/health-calculator,sitemap:0.70; support-page
348,defer,sitemap_only,50,static,en math-calculator,,,math-calculator,2026-05-02T09:00:00.000Z,0.70,https://www.hesapmod.com/en/math-calculator,sitemap:0.70; support-page
349,defer,sitemap_only,50,static,en time-calculator,,,time-calculator,2026-05-02T09:00:00.000Z,0.70,https://www.hesapmod.com/en/time-calculator,sitemap:0.70; support-page
350,defer,sitemap_only,50,static,maas-ve-vergi maas-hesaplama 100000-tl-brut-maas-ne-kadar,,,100000-tl-brut-maas-ne-kadar,2026-05-01T09:00:00.000Z,0.70,https://www.hesapmod.com/maas-ve-vergi/maas-hesaplama/100000-tl-brut-maas-ne-kadar,sitemap:0.70; support-page
351,defer,sitemap_only,50,static,maas-ve-vergi maas-hesaplama 150000-tl-brut-maas-ne-kadar,,,150000-tl-brut-maas-ne-kadar,2026-05-01T09:00:00.000Z,0.70,https://www.hesapmod.com/maas-ve-vergi/maas-hesaplama/150000-tl-brut-maas-ne-kadar,sitemap:0.70; support-page
352,defer,sitemap_only,50,static,maas-ve-vergi maas-hesaplama 30000-tl-brut-maas-ne-kadar,,,30000-tl-brut-maas-ne-kadar,2026-05-01T09:00:00.000Z,0.70,https://www.hesapmod.com/maas-ve-vergi/maas-hesaplama/30000-tl-brut-maas-ne-kadar,sitemap:0.70; support-page
353,defer,sitemap_only,50,static,maas-ve-vergi maas-hesaplama 50000-tl-brut-maas-ne-kadar,,,50000-tl-brut-maas-ne-kadar,2026-05-01T09:00:00.000Z,0.70,https://www.hesapmod.com/maas-ve-vergi/maas-hesaplama/50000-tl-brut-maas-ne-kadar,sitemap:0.70; support-page
354,defer,sitemap_only,50,static,maas-ve-vergi maas-hesaplama 75000-tl-brut-maas-ne-kadar,,,75000-tl-brut-maas-ne-kadar,2026-05-01T09:00:00.000Z,0.70,https://www.hesapmod.com/maas-ve-vergi/maas-hesaplama/75000-tl-brut-maas-ne-kadar,sitemap:0.70; support-page
355,defer,sitemap_only,50,static,finansal-hesaplamalar ihtiyac-kredisi-hesaplama 100000-tl-12-ay,,,100000-tl-12-ay,2026-04-01T09:00:00.000Z,0.70,https://www.hesapmod.com/finansal-hesaplamalar/ihtiyac-kredisi-hesaplama/100000-tl-12-ay,sitemap:0.70; support-page
356,defer,sitemap_only,50,static,finansal-hesaplamalar ihtiyac-kredisi-hesaplama 100000-tl-24-ay,,,100000-tl-24-ay,2026-04-01T09:00:00.000Z,0.70,https://www.hesapmod.com/finansal-hesaplamalar/ihtiyac-kredisi-hesaplama/100000-tl-24-ay,sitemap:0.70; support-page
357,defer,sitemap_only,50,static,finansal-hesaplamalar ihtiyac-kredisi-hesaplama 100000-tl-36-ay,,,100000-tl-36-ay,2026-04-01T09:00:00.000Z,0.70,https://www.hesapmod.com/finansal-hesaplamalar/ihtiyac-kredisi-hesaplama/100000-tl-36-ay,sitemap:0.70; support-page
358,defer,sitemap_only,50,static,finansal-hesaplamalar ihtiyac-kredisi-hesaplama 150000-tl-12-ay,,,150000-tl-12-ay,2026-04-01T09:00:00.000Z,0.70,https://www.hesapmod.com/finansal-hesaplamalar/ihtiyac-kredisi-hesaplama/150000-tl-12-ay,sitemap:0.70; support-page
359,defer,sitemap_only,50,static,finansal-hesaplamalar ihtiyac-kredisi-hesaplama 150000-tl-24-ay,,,150000-tl-24-ay,2026-04-01T09:00:00.000Z,0.70,https://www.hesapmod.com/finansal-hesaplamalar/ihtiyac-kredisi-hesaplama/150000-tl-24-ay,sitemap:0.70; support-page
360,defer,sitemap_only,50,static,finansal-hesaplamalar ihtiyac-kredisi-hesaplama 150000-tl-36-ay,,,150000-tl-36-ay,2026-04-01T09:00:00.000Z,0.70,https://www.hesapmod.com/finansal-hesaplamalar/ihtiyac-kredisi-hesaplama/150000-tl-36-ay,sitemap:0.70; support-page
361,defer,sitemap_only,50,static,finansal-hesaplamalar ihtiyac-kredisi-hesaplama 200000-tl-12-ay,,,200000-tl-12-ay,2026-04-01T09:00:00.000Z,0.70,https://www.hesapmod.com/finansal-hesaplamalar/ihtiyac-kredisi-hesaplama/200000-tl-12-ay,sitemap:0.70; support-page
362,defer,sitemap_only,50,static,finansal-hesaplamalar ihtiyac-kredisi-hesaplama 200000-tl-24-ay,,,200000-tl-24-ay,2026-04-01T09:00:00.000Z,0.70,https://www.hesapmod.com/finansal-hesaplamalar/ihtiyac-kredisi-hesaplama/200000-tl-24-ay,sitemap:0.70; support-page
363,defer,sitemap_only,50,static,finansal-hesaplamalar ihtiyac-kredisi-hesaplama 200000-tl-36-ay,,,200000-tl-36-ay,2026-04-01T09:00:00.000Z,0.70,https://www.hesapmod.com/finansal-hesaplamalar/ihtiyac-kredisi-hesaplama/200000-tl-36-ay,sitemap:0.70; support-page
364,defer,sitemap_only,50,static,finansal-hesaplamalar ihtiyac-kredisi-hesaplama 50000-tl-12-ay,,,50000-tl-12-ay,2026-04-01T09:00:00.000Z,0.70,https://www.hesapmod.com/finansal-hesaplamalar/ihtiyac-kredisi-hesaplama/50000-tl-12-ay,sitemap:0.70; support-page
365,defer,sitemap_only,50,static,finansal-hesaplamalar ihtiyac-kredisi-hesaplama 50000-tl-24-ay,,,50000-tl-24-ay,2026-04-01T09:00:00.000Z,0.70,https://www.hesapmod.com/finansal-hesaplamalar/ihtiyac-kredisi-hesaplama/50000-tl-24-ay,sitemap:0.70; support-page
366,defer,sitemap_only,50,static,finansal-hesaplamalar ihtiyac-kredisi-hesaplama 50000-tl-36-ay,,,50000-tl-36-ay,2026-04-01T09:00:00.000Z,0.70,https://www.hesapmod.com/finansal-hesaplamalar/ihtiyac-kredisi-hesaplama/50000-tl-36-ay,sitemap:0.70; support-page
367,defer,sitemap_only,50,static,finansal-hesaplamalar tasit-kredisi-hesaplama 1000000-tl-12-ay,,,1000000-tl-12-ay,2026-03-29T09:00:00.000Z,0.70,https://www.hesapmod.com/finansal-hesaplamalar/tasit-kredisi-hesaplama/1000000-tl-12-ay,sitemap:0.70; support-page
368,defer,sitemap_only,50,static,finansal-hesaplamalar tasit-kredisi-hesaplama 1000000-tl-24-ay,,,1000000-tl-24-ay,2026-03-29T09:00:00.000Z,0.70,https://www.hesapmod.com/finansal-hesaplamalar/tasit-kredisi-hesaplama/1000000-tl-24-ay,sitemap:0.70; support-page
369,defer,sitemap_only,50,static,finansal-hesaplamalar tasit-kredisi-hesaplama 1000000-tl-36-ay,,,1000000-tl-36-ay,2026-03-29T09:00:00.000Z,0.70,https://www.hesapmod.com/finansal-hesaplamalar/tasit-kredisi-hesaplama/1000000-tl-36-ay,sitemap:0.70; support-page
370,defer,sitemap_only,50,static,finansal-hesaplamalar tasit-kredisi-hesaplama 200000-tl-12-ay,,,200000-tl-12-ay,2026-03-29T09:00:00.000Z,0.70,https://www.hesapmod.com/finansal-hesaplamalar/tasit-kredisi-hesaplama/200000-tl-12-ay,sitemap:0.70; support-page
371,defer,sitemap_only,50,static,finansal-hesaplamalar tasit-kredisi-hesaplama 200000-tl-24-ay,,,200000-tl-24-ay,2026-03-29T09:00:00.000Z,0.70,https://www.hesapmod.com/finansal-hesaplamalar/tasit-kredisi-hesaplama/200000-tl-24-ay,sitemap:0.70; support-page
372,defer,sitemap_only,50,static,finansal-hesaplamalar tasit-kredisi-hesaplama 200000-tl-36-ay,,,200000-tl-36-ay,2026-03-29T09:00:00.000Z,0.70,https://www.hesapmod.com/finansal-hesaplamalar/tasit-kredisi-hesaplama/200000-tl-36-ay,sitemap:0.70; support-page
373,defer,sitemap_only,50,static,finansal-hesaplamalar tasit-kredisi-hesaplama 250000-tl-12-ay,,,250000-tl-12-ay,2026-03-29T09:00:00.000Z,0.70,https://www.hesapmod.com/finansal-hesaplamalar/tasit-kredisi-hesaplama/250000-tl-12-ay,sitemap:0.70; support-page
374,defer,sitemap_only,50,static,finansal-hesaplamalar tasit-kredisi-hesaplama 250000-tl-24-ay,,,250000-tl-24-ay,2026-03-29T09:00:00.000Z,0.70,https://www.hesapmod.com/finansal-hesaplamalar/tasit-kredisi-hesaplama/250000-tl-24-ay,sitemap:0.70; support-page
375,defer,sitemap_only,50,static,finansal-hesaplamalar tasit-kredisi-hesaplama 250000-tl-36-ay,,,250000-tl-36-ay,2026-03-29T09:00:00.000Z,0.70,https://www.hesapmod.com/finansal-hesaplamalar/tasit-kredisi-hesaplama/250000-tl-36-ay,sitemap:0.70; support-page
376,defer,sitemap_only,50,static,finansal-hesaplamalar tasit-kredisi-hesaplama 500000-tl-12-ay,,,500000-tl-12-ay,2026-03-29T09:00:00.000Z,0.70,https://www.hesapmod.com/finansal-hesaplamalar/tasit-kredisi-hesaplama/500000-tl-12-ay,sitemap:0.70; support-page
377,defer,sitemap_only,50,static,finansal-hesaplamalar tasit-kredisi-hesaplama 500000-tl-24-ay,,,500000-tl-24-ay,2026-03-29T09:00:00.000Z,0.70,https://www.hesapmod.com/finansal-hesaplamalar/tasit-kredisi-hesaplama/500000-tl-24-ay,sitemap:0.70; support-page
378,defer,sitemap_only,50,static,finansal-hesaplamalar tasit-kredisi-hesaplama 500000-tl-36-ay,,,500000-tl-36-ay,2026-03-29T09:00:00.000Z,0.70,https://www.hesapmod.com/finansal-hesaplamalar/tasit-kredisi-hesaplama/500000-tl-36-ay,sitemap:0.70; support-page
379,defer,sitemap_only,50,static,finansal-hesaplamalar tasit-kredisi-hesaplama 750000-tl-12-ay,,,750000-tl-12-ay,2026-03-29T09:00:00.000Z,0.70,https://www.hesapmod.com/finansal-hesaplamalar/tasit-kredisi-hesaplama/750000-tl-12-ay,sitemap:0.70; support-page
380,defer,sitemap_only,50,static,finansal-hesaplamalar tasit-kredisi-hesaplama 750000-tl-24-ay,,,750000-tl-24-ay,2026-03-29T09:00:00.000Z,0.70,https://www.hesapmod.com/finansal-hesaplamalar/tasit-kredisi-hesaplama/750000-tl-24-ay,sitemap:0.70; support-page
381,defer,sitemap_only,50,static,finansal-hesaplamalar tasit-kredisi-hesaplama 750000-tl-36-ay,,,750000-tl-36-ay,2026-03-29T09:00:00.000Z,0.70,https://www.hesapmod.com/finansal-hesaplamalar/tasit-kredisi-hesaplama/750000-tl-36-ay,sitemap:0.70; support-page
382,defer,sitemap_only,50,static,Hakkimizda,,,hakkimizda,2026-03-09T09:00:00.000Z,0.70,https://www.hesapmod.com/hakkimizda,sitemap:0.70; support-page
383,defer,sitemap_only,50,static,Iletisim,,,iletisim,2026-03-09T09:00:00.000Z,0.70,https://www.hesapmod.com/iletisim,sitemap:0.70; support-page
384,defer,sitemap_only,50,static,SSS,,,sss,2026-03-09T09:00:00.000Z,0.70,https://www.hesapmod.com/sss,sitemap:0.70; support-page
385,defer,sitemap_only,-5,static,gizlilik-politikasi,,,gizlilik-politikasi,2026-03-09T09:00:00.000Z,0.40,https://www.hesapmod.com/gizlilik-politikasi,sitemap:0.40; legal-sitemap-only
386,defer,sitemap_only,-15,static,cerez-politikasi,,,cerez-politikasi,2026-03-09T09:00:00.000Z,0.30,https://www.hesapmod.com/cerez-politikasi,sitemap:0.30; legal-sitemap-only
387,defer,sitemap_only,-15,static,kullanim-kosullari,,,kullanim-kosullari,2026-03-09T09:00:00.000Z,0.30,https://www.hesapmod.com/kullanim-kosullari,sitemap:0.30; legal-sitemap-only
388,defer,sitemap_only,-15,static,kvkk,,,kvkk,2026-03-09T09:00:00.000Z,0.30,https://www.hesapmod.com/kvkk,sitemap:0.30; legal-sitemap-only